PassengerId,Transported
0013_01,0.26447153
0018_01,0.0056028315
0019_01,0.9962951
0021_01,0.9493399
0023_01,0.6170795
0027_01,0.68113333
0029_01,0.9923658
0032_01,0.99911696
0032_02,0.9997128
0033_01,0.68781507
0037_01,0.29959577
0040_01,0.047676764
0040_02,0.6192224
0042_01,0.49257421
0046_01,0.039154775
0046_02,0.22592473
0046_03,0.1619427
0047_01,0.94861096
0047_02,0.9475019
0047_03,0.045351278
0048_01,0.63693345
0049_01,0.032404292
0054_01,0.9883796
0054_02,0.9037337
0054_03,0.78288126
0055_01,0.07045303
0057_01,0.9466012
0059_01,0.295438
0060_01,0.5570883
0063_01,0.6707021
0065_01,0.44160458
0075_01,0.2773424
0079_01,0.41890347
0080_01,0.55611384
0083_01,0.23351513
0087_01,0.1893853
0089_01,0.99925387
0093_01,0.7145283
0094_01,0.5439966
0094_02,0.13671617
0095_01,0.747208
0096_01,0.54363847
0100_01,0.6775409
0100_02,0.4980771
0104_01,0.23204431
0106_01,0.97319746
0109_01,0.05858185
0117_01,0.051480286
0118_01,0.573807
0121_01,0.0053922315
0124_01,0.578712
0125_01,0.9435848
0125_02,0.026159223
0130_01,0.61810446
0131_01,0.5826528
0132_01,0.8876884
0135_01,0.3974348
0137_01,0.70588475
0142_01,0.91806865
0142_02,0.2560456
0142_03,0.9157099
0143_01,0.8538711
0145_01,0.1747341
0150_01,0.9947181
0150_02,0.9933381
0153_01,0.41133535
0154_01,0.5473043
0155_01,0.11791888
0156_01,0.99582505
0157_01,0.052483622
0158_01,0.2096872
0158_02,0.6053724
0159_01,0.18638267
0161_01,0.005344106
0162_01,0.9991626
0166_01,0.61295074
0168_01,0.9993213
0175_01,0.5577791
0175_02,0.6918672
0175_03,0.5636414
0175_04,0.54031074
0175_05,0.5657006
0176_01,0.15379533
0180_01,0.24680246
0184_01,0.5594067
0185_01,0.8120183
0187_01,0.9996448
0191_01,0.25796142
0194_01,0.8968686
0194_02,0.92051905
0194_03,0.00024233812
0204_01,0.11663316
0208_01,0.4235737
0209_01,2.6825627e-11
0214_01,0.024794053
0214_02,0.0071377223
0215_01,0.43328327
0218_01,0.23622805
0226_01,0.94852126
0227_01,0.6261368
0228_01,0.95927155
0228_02,0.99998915
0228_03,0.9667746
0228_04,3.094207e-07
0230_01,0.7374802
0230_02,0.19474831
0235_01,0.50249976
0236_01,0.9964133
0238_01,0.047695167
0247_01,0.99901915
0247_02,0.9991901
0249_01,0.16696052
0256_01,0.62645704
0259_01,0.9149602
0262_01,0.20206597
0264_01,0.9740511
0264_02,0.9683927
0264_03,1.2934719e-09
0266_01,0.29137293
0266_02,0.1417852
0268_01,0.09751487
0268_02,0.025312137
0271_01,0.26909408
0272_01,0.19570626
0273_01,0.99454576
0273_02,0.9340492
0273_03,0.2246929
0274_01,0.033131097
0274_02,0.6824772
0276_01,1.0528086e-07
0276_02,0.88850355
0279_01,0.21866399
0280_01,0.5033074
0284_01,0.7199885
0292_01,0.09823522
0293_01,0.9849242
0295_01,0.52252007
0296_01,0.2188213
0299_01,0.39612728
0300_01,0.2782771
0308_01,0.49578765
0311_01,0.42203116
0312_01,0.46159407
0317_01,0.16580404
0318_01,0.5397183
0319_01,0.28489864
0319_02,0.9111614
0323_01,0.9072425
0325_01,0.5478962
0328_01,0.6960875
0329_01,0.99916375
0332_01,0.5123208
0335_01,0.7833184
0339_01,0.36016837
0339_02,0.34415027
0339_03,0.5250609
0339_04,0.6876263
0339_05,0.7247332
0339_06,0.066016406
0339_07,0.2516
0339_08,0.19526035
0342_01,0.5352682
0342_02,0.4926534
0344_01,0.9974012
0344_02,0.041022666
0349_01,5.309864e-05
0349_02,0.9925153
0349_03,0.207383
0349_04,0.9936825
0349_05,0.26262355
0349_06,0.13738483
0351_01,0.996242
0353_01,0.47767213
0353_02,0.50187194
0354_01,0.5973586
0362_01,0.7807606
0363_01,0.49601477
0363_02,0.5332351
0363_03,0.5365783
0364_01,0.47134936
0364_02,0.23192918
0366_01,0.5751011
0367_01,8.492182e-07
0374_01,0.3008478
0374_02,0.14504798
0386_01,0.13361904
0390_01,0.6413561
0393_01,0.0059366296
0394_01,0.6588485
0399_01,0.5215848
0400_01,0.9957515
0404_01,0.87978405
0406_01,0.32739455
0414_01,0.038211882
0416_01,0.29074246
0418_01,0.1829881
0419_01,0.3794972
0419_02,0.50733703
0419_03,0.48862258
0420_01,0.14473411
0421_01,0.995201
0422_01,0.059206404
0424_01,0.1886608
0426_01,0.23647052
0440_01,0.43398508
0443_01,0.8692508
0450_01,0.2793092
0451_01,0.9997598
0455_01,0.4485737
0464_01,0.58031124
0467_01,0.79648185
0467_02,0.7989224
0467_03,0.8665608
0467_04,0.928778
0469_01,0.09761441
0473_01,0.36757225
0478_01,4.6234395e-06
0478_02,0.9318559
0479_01,0.9997165
0483_01,0.9920746
0483_02,0.9938815
0484_01,0.9990336
0486_01,0.5446033
0489_01,0.69796896
0489_02,0.99147004
0491_01,0.62780464
0492_01,0.340573
0493_01,0.51086307
0494_01,0.9123334
0494_02,0.45672134
0495_01,0.69896674
0495_02,0.6990774
0495_03,0.7043777
0495_04,0.69753796
0495_05,0.018231705
0495_06,0.6993121
0496_01,0.55901086
0496_02,0.48367602
0497_01,0.9933851
0505_01,0.31067565
0508_01,0.075930566
0509_01,0.80320317
0511_01,0.2771906
0514_01,0.46682352
0524_01,0.98533344
0526_01,0.56102884
0530_01,0.034086738
0530_02,0.0009548347
0530_03,0.9680792
0532_01,0.004979489
0532_02,0.91064453
0535_01,0.33314365
0536_01,0.046296228
0536_02,0.30338633
0541_01,0.99800164
0543_01,0.5179934
0544_01,0.99864584
0554_01,0.0737991
0557_01,0.9929554
0557_02,0.98869765
0558_01,0.6367873
0562_01,0.5378573
0562_02,0.9290845
0574_01,0.041594118
0578_01,0.58400196
0578_02,0.5706143
0584_01,0.5745846
0584_02,0.030102573
0592_01,0.6243086
0595_01,0.6147305
0601_01,0.5121009
0604_01,0.55565864
0605_01,0.231785
0606_01,0.57953477
0613_01,0.99491286
0613_02,0.99408865
0616_01,0.05699957
0617_01,0.23556451
0620_01,0.29348087
0620_02,0.6573702
0620_03,0.7032008
0621_01,0.3229033
0622_01,9.1487186e-07
0624_01,0.8474251
0625_01,0.99797094
0625_02,0.99791735
0625_03,0.99882317
0626_01,0.99913836
0626_02,0.9170445
0626_03,0.80436385
0627_01,0.7370242
0632_01,0.25398
0632_02,0.69265276
0632_03,0.5879672
0640_01,0.9921481
0640_02,0.99758315
0648_01,0.33727932
0648_02,0.28457645
0649_01,0.45014215
0651_01,0.9887136
0652_01,0.5555958
0652_02,0.5217431
0652_03,0.52278125
0652_04,0.28600895
0652_05,0.6472649
0654_01,0.5292944
0662_01,0.49762425
0666_01,0.5537194
0666_02,0.6979831
0667_01,0.30729634
0670_01,0.35511085
0670_02,0.18811794
0673_01,0.70872194
0675_01,0.5736329
0676_01,0.6711041
0681_01,0.49531308
0692_01,0.8023782
0694_01,0.65749514
0695_01,0.8640769
0698_01,0.22142641
0700_01,0.3458324
0706_01,0.6158039
0708_01,0.9831543
0708_02,0.9964222
0711_01,0.2680884
0716_01,0.37300572
0717_01,0.98006845
0717_02,0.34347904
0717_03,0.98127174
0717_04,0.9921491
0717_05,0.003767516
0717_06,0.28198427
0717_07,0.9834441
0720_01,0.9936768
0720_02,0.6999482
0720_03,0.123260945
0721_01,0.5561842
0722_01,0.4148799
0723_01,0.28723118
0725_01,0.5181756
0730_01,0.7259059
0731_01,0.29887608
0731_02,0.42726552
0735_01,0.36566535
0739_01,0.5608704
0741_01,0.68822765
0742_01,0.70901656
0742_02,0.9314466
0744_01,0.9993125
0745_01,0.19659118
0747_01,0.22498707
0748_01,0.9201584
0748_02,0.09374613
0749_01,0.98735476
0751_01,0.9923662
0752_01,0.6081106
0755_01,0.82572204
0758_01,0.46700102
0758_02,0.9537988
0758_03,0.002333784
0759_01,0.95777494
0759_02,0.01700944
0759_03,0.950358
0760_01,0.23995298
0763_01,0.92212766
0763_02,0.0032563475
0766_01,0.7968953
0774_01,0.45373327
0774_02,0.0060517928
0774_03,0.9911678
0775_01,0.99056274
0775_02,0.99066854
0775_03,0.9908543
0775_04,1.8189861e-26
0775_05,0.7749729
0775_06,0.94724995
0778_01,0.9090811
0778_02,0.29095808
0780_01,0.99448276
0783_01,0.34645036
0792_01,0.5256628
0800_01,0.0001333515
0801_01,0.9785481
0803_01,0.6692133
0804_01,0.9971412
0807_01,0.2178693
0810_01,0.26848432
0812_01,0.7119238
0814_01,0.14939195
0821_01,0.9986246
0827_01,0.3442089
0827_02,0.81579244
0827_03,0.8737706
0831_01,0.31546175
0832_01,0.480071
0837_01,0.85438824
0837_02,0.013633651
0838_01,0.60690236
0838_02,0.050688367
0841_01,0.0309234
0842_01,0.55120546
0843_01,0.49701065
0844_01,0.78639215
0847_01,0.2828802
0852_01,0.9987172
0854_01,0.67260003
0855_01,0.9943551
0856_01,0.21792184
0857_01,0.7908413
0858_01,0.11881724
0858_02,0.8633598
0861_01,0.59832007
0862_01,0.5159489
0864_01,0.033262733
0864_02,0.92295516
0864_03,0.9927157
0866_01,0.9915353
0872_01,0.25060984
0880_01,0.63411576
0880_02,0.5858254
0882_01,0.9471951
0884_01,0.19182226
0884_02,0.50276077
0886_01,0.18109876
0886_02,0.8752048
0886_03,0.8745428
0887_01,1.032842e-08
0887_02,0.05776883
0888_01,0.36825892
0888_02,0.54654515
0891_01,0.8819936
0892_01,0.9945661
0892_02,0.99821067
0892_03,0.9994583
0894_01,0.99959725
0895_01,0.52489394
0896_01,0.55735064
0897_01,0.9990145
0897_02,0.9947148
0900_01,0.5042985
0908_01,0.5797612
0909_01,0.14489228
0909_02,0.90665823
0909_03,0.9111441
0914_01,0.003354518
0916_01,0.3058857
0917_01,0.73812187
0920_01,0.0027623144
0929_01,0.38240558
0934_01,0.25511006
0936_01,0.22425652
0937_01,0.5719093
0943_01,0.8831847
0943_02,0.8765567
0943_03,0.26748735
0945_01,0.26945114
0945_02,0.27762693
0948_01,0.34237805
0950_01,0.992082
0954_01,0.5339893
0958_01,0.28124002
0959_01,0.3121147
0962_01,0.8912345
0963_01,0.99360114
0967_01,0.2933006
0973_01,0.14412376
0974_01,0.343413
0977_01,0.64125717
0980_01,0.20454316
0981_01,0.32355833
0981_02,0.62853515
0986_01,1.3568432e-06
0986_02,0.95382726
0996_01,0.46148115
0999_01,0.49302816
0999_02,0.5787722
1003_01,0.27567026
1007_01,0.23459819
1009_01,0.06269584
1010_01,0.99625325
1016_01,0.0019129942
1021_01,0.42623258
1023_01,0.9951001
1028_01,0.7422702
1037_01,0.65136695
1039_01,0.28180572
1042_01,0.4637294
1044_01,0.7584629
1050_01,0.4886282
1055_01,0.4364713
1059_01,0.995837
1059_02,0.9971514
1061_01,0.99636614
1064_01,0.625931
1064_02,0.552792
1067_01,0.2865026
1069_01,0.9915668
1070_01,0.573258
1072_01,0.54243064
1072_02,0.5173173
1072_03,0.5394473
1072_04,0.38696283
1072_05,0.2812089
1072_06,0.40067655
1072_07,0.603919
1072_08,0.5229315
1073_01,0.3201347
1074_01,0.5047112
1074_02,0.5460764
1081_01,0.53313494
1087_01,0.6953838
1090_01,0.9878463
1090_02,3.467319e-06
1092_01,0.5852953
1098_01,0.15208529
1101_01,0.5682769
1103_01,0.18679443
1104_01,0.9975857
1106_01,0.21751632
1106_02,0.93459475
1107_01,0.3930685
1109_01,0.23713653
1111_01,0.67769086
1111_02,0.5705701
1111_03,0.2746196
1118_01,0.022261588
1118_02,0.9046676
1118_03,0.9025134
1118_04,0.38911843
1118_05,7.441874e-05
1119_01,0.28624907
1119_02,0.9329599
1120_01,0.8562144
1122_01,0.47410947
1124_01,0.9294889
1124_02,0.7530942
1124_03,0.12273057
1125_01,0.26763946
1125_02,0.4555836
1126_01,0.9869485
1128_01,0.99257284
1128_02,0.97218764
1131_01,0.99959743
1135_01,0.0006804331
1135_02,0.9247897
1135_03,0.0042174407
1135_04,0.9800468
1137_01,0.44400415
1137_02,0.07557685
1138_01,0.991125
1139_01,0.5131361
1143_01,0.5750201
1145_01,0.8465671
1145_02,0.44837958
1145_03,0.214642
1145_04,0.8497402
1151_01,0.66163427
1157_01,0.1609394
1158_01,0.5931078
1158_02,0.5640551
1159_01,0.6734004
1159_02,0.67279994
1159_03,0.6699506
1160_01,0.6884524
1164_01,0.47714138
1171_01,0.012707751
1172_01,0.9891085
1176_01,0.48561352
1181_01,0.24351782
1183_01,0.9829682
1183_02,0.37203467
1183_03,0.9957109
1184_01,0.9288534
1184_02,0.3895338
1189_01,0.25569946
1194_01,0.17960963
1196_01,0.15851179
1196_02,0.31994882
1200_01,0.9982879
1201_01,0.008511066
1201_02,0.6878412
1202_01,0.22390094
1204_01,0.61262167
1205_01,0.16315468
1207_01,0.5357075
1207_02,0.66635066
1207_03,0.54315907
1207_04,0.43728524
1209_01,0.013017196
1209_02,0.4157575
1217_01,0.9940016
1217_02,0.98293215
1219_01,0.0031180587
1219_02,0.93824863
1224_01,0.9260359
1224_02,0.9579786
1226_01,0.98991966
1226_02,0.99038655
1227_01,0.8381553
1237_01,0.6021036
1241_01,0.27658513
1244_01,0.9843236
1245_01,0.7305416
1247_01,0.96843266
1249_01,0.24044928
1251_01,0.967587
1252_01,0.09948537
1253_01,0.18121448
1257_01,0.96273464
1257_02,0.9628132
1257_03,0.98161507
1257_04,0.827221
1262_01,0.51583827
1262_02,0.32297605
1265_01,0.48051757
1266_01,0.2503261
1268_01,0.9913425
1270_01,0.99273336
1272_01,0.22456184
1275_01,0.2569452
1276_01,0.6841911
1277_01,0.2470288
1290_01,0.1982339
1296_01,0.24798812
1297_01,0.8450711
1298_01,0.5433311
1301_01,0.4920419
1301_02,0.57571936
1301_03,0.5647476
1303_01,0.5830427
1305_01,0.78274685
1313_01,0.52942145
1314_01,0.11115132
1315_01,0.56612235
1318_01,0.99791783
1319_01,0.0847518
1319_02,0.12893538
1320_01,0.51532805
1320_02,0.47992185
1320_03,0.4813355
1321_01,0.7590771
1321_02,0.90571433
1321_03,0.10393521
1321_04,0.39182466
1327_01,0.47397417
1329_01,0.21273056
1334_01,0.22381154
1338_01,0.99000967
1338_02,0.9702835
1339_01,0.57797754
1341_01,0.28132457
1341_02,0.6322274
1341_03,0.5859651
1343_01,6.669997e-05
1343_02,0.7073579
1343_03,0.17339964
1344_01,0.29035458
1346_01,0.46570814
1349_01,0.6305835
1349_02,0.7855644
1354_01,0.2660692
1354_02,0.6831218
1354_03,0.9973649
1354_04,0.8883444
1354_05,0.9091283
1354_06,0.9921998
1354_07,0.64335454
1358_01,0.86253667
1358_02,0.25349292
1359_01,0.33238137
1361_01,0.925697
1361_02,0.25889713
1363_01,0.3862543
1364_01,0.19593307
1364_02,0.5534954
1367_01,0.4874152
1369_01,0.59962463
1369_02,0.57227683
1369_03,0.7714217
1372_01,0.47413072
1373_01,0.63360375
1374_01,0.9949977
1388_01,0.64093274
1392_01,0.4422586
1394_01,0.7458887
1396_01,0.5345118
1405_01,0.60612243
1409_01,0.19172768
1409_02,0.76513153
1411_01,0.69622076
1418_01,0.570746
1422_01,0.9557466
1422_02,0.03517932
1422_03,2.038298e-05
1429_01,0.47367913
1432_01,0.4364502
1432_02,0.09725685
1436_01,0.6868601
1437_01,0.20928228
1441_01,0.2699525
1446_01,0.25533903
1448_01,0.48025143
1449_01,0.20166995
1456_01,0.18589127
1459_01,0.31139988
1464_01,0.17066209
1466_01,0.6067722
1468_01,0.5385553
1469_01,0.20283017
1469_02,0.38377252
1470_01,0.51125246
1471_01,0.65353036
1471_02,0.5979957
1471_03,0.7471475
1471_04,0.5573224
1471_05,0.60973126
1472_01,0.495242
1473_01,0.26565355
1473_02,0.20760164
1475_01,0.5023321
1476_01,0.27987054
1477_01,0.4844651
1477_02,0.0002445916
1480_01,0.4826198
1482_01,0.98530084
1483_01,0.38393047
1486_01,0.6559822
1487_01,0.4933123
1487_02,0.54251873
1492_01,2.5569682e-06
1492_02,0.21260229
1494_01,0.31664467
1495_01,0.1353582
1495_02,0.5664789
1496_01,0.51951057
1497_01,0.9730365
1497_02,0.97421885
1502_01,1.5281065e-11
1502_02,0.9652573
1502_03,0.9317023
1502_04,0.8948858
1504_01,0.17799723
1505_01,0.14052567
1508_01,0.20244409
1512_01,0.40073106
1513_01,0.6382257
1514_01,0.71164656
1516_01,0.5662422
1517_01,0.29815578
1518_01,0.00037259987
1518_02,0.24451315
1519_01,0.28660214
1522_01,0.98734003
1530_01,0.8490973
1534_01,0.16661403
1534_02,0.051738366
1535_01,0.011142728
1537_01,0.98516816
1538_01,0.1408531
1538_02,0.26626414
1546_01,0.8136843
1549_01,0.5811082
1553_01,0.9405661
1553_02,0.30386007
1554_01,0.50445193
1554_02,0.6186109
1556_01,0.6344037
1557_01,0.9991344
1559_01,0.99058586
1559_02,0.954355
1563_01,0.9918326
1566_01,0.99192905
1570_01,0.19402236
1571_01,0.42636293
1574_01,0.6081237
1575_01,0.61844957
1582_01,0.61204827
1582_02,0.52056354
1583_01,0.99124897
1586_01,0.004986039
1587_01,0.71309143
1587_02,0.80041355
1589_01,0.28969684
1591_01,5.0163267e-06
1591_02,0.93779147
1598_01,0.6636705
1598_02,0.8908134
1600_01,0.2516811
1605_01,0.30076858
1607_01,0.553189
1609_01,0.22644587
1610_01,0.82208145
1616_01,0.64781284
1618_01,3.709791e-18
1620_01,2.1257947e-06
1623_01,0.35833105
1627_01,0.64020485
1629_01,0.96494097
1629_02,0.96096
1629_03,0.9759873
1629_04,0.9694962
1629_05,0.9715998
1629_06,0.9934661
1639_01,0.10284139
1641_01,0.98707277
1642_01,0.1484153
1643_01,0.27637902
1648_01,0.812794
1652_01,0.63574266
1654_01,0.21837053
1664_01,0.47189662
1665_01,0.9675915
1665_02,0.97406787
1667_01,0.21897155
1675_01,0.99221396
1678_01,0.19227432
1679_01,0.48923397
1680_01,2.0945765e-05
1680_02,0.9444838
1683_01,0.28815022
1684_01,0.2829211
1686_01,0.23519823
1689_01,0.9548744
1689_02,0.77619517
1689_03,0.80557644
1692_01,0.6213243
1693_01,0.6059161
1701_01,0.46904522
1702_01,0.71772635
1703_01,0.5934389
1706_01,0.29043335
1707_01,0.25594613
1716_01,0.15428719
1720_01,0.23721072
1722_01,0.2053832
1726_01,0.3724347
1726_02,0.9245824
1726_03,0.4485622
1732_01,0.4891583
1735_01,0.2760868
1737_01,0.195657
1741_01,0.5673972
1741_02,0.4658988
1741_03,0.49836963
1743_01,0.11995069
1744_01,0.41541114
1750_01,0.57266223
1751_01,0.98853296
1751_02,0.96901685
1754_01,0.55057997
1756_01,0.40722674
1759_01,0.9662758
1765_01,0.5171328
1773_01,0.21889548
1777_01,0.0012512673
1777_02,0.8618598
1780_01,0.4383154
1784_01,0.25267664
1787_01,0.49523437
1788_01,0.29043514
1789_01,0.5996048
1790_01,0.5217069
1790_02,0.52401966
1791_01,0.9899766
1791_02,0.96764106
1793_01,0.22869943
1793_02,0.83893406
1794_01,0.19436464
1795_01,0.19332483
1801_01,0.7219908
1801_02,0.25970048
1809_01,0.48291832
1814_01,0.27907923
1814_02,0.55253744
1814_03,0.5267115
1815_01,0.9882875
1819_01,0.04694704
1820_01,0.49648058
1824_01,0.31912076
1825_01,0.5091685
1825_02,0.38591105
1830_01,0.6869432
1832_01,0.076375455
1835_01,0.97774357
1835_02,0.98332196
1837_01,0.99133575
1838_01,0.96687555
1839_01,0.17707577
1840_01,0.6261245
1842_01,0.29783186
1845_01,9.235058e-06
1851_01,4.2577343e-05
1851_02,0.92268836
1852_01,0.9446236
1852_02,0.8713022
1852_03,0.8990061
1852_04,0.9420038
1858_01,0.95256984
1862_01,0.16820666
1862_02,0.2011635
1862_03,0.46634975
1867_01,0.9869326
1869_01,0.16200538
1870_01,0.28690207
1875_01,0.39974338
1876_01,0.3222829
1883_01,0.4945137
1885_01,0.5352483
1893_01,0.98306555
1894_01,0.9569579
1895_01,0.2587341
1896_01,0.014368692
1900_01,0.66237164
1904_01,0.029892
1909_01,0.8593177
1909_02,0.84839255
1909_03,0.25883558
1910_01,0.9072338
1910_02,0.033170365
1910_03,0.25062892
1910_04,0.90577924
1912_01,0.41423252
1913_01,0.7885707
1913_02,0.9587265
1913_03,0.9504748
1914_01,0.70719796
1917_01,0.6070981
1919_01,0.63434225
1921_01,0.31614083
1921_02,0.11006925
1924_01,0.5207443
1929_01,0.30902767
1930_01,0.26968536
1932_01,0.04150679
1934_01,0.1977463
1936_01,0.16264826
1943_01,0.26466742
1944_01,0.40344992
1948_01,1.6881294e-20
1948_02,0.9700617
1949_01,0.23771684
1951_01,0.924935
1951_02,0.011523693
1954_01,0.14920714
1955_01,0.17940463
1958_01,0.06662094
1965_01,0.4854356
1966_01,0.33548903
1970_01,0.094592914
1972_01,0.5586985
1982_01,0.13987662
1986_01,0.9855894
1987_01,0.6484123
1989_01,0.67755944
1990_01,0.96080303
1990_02,0.98877203
1998_01,0.261846
2002_01,0.98385465
2004_01,0.6426706
2005_01,0.25253257
2005_02,0.5875792
2008_01,0.20341708
2014_01,0.8439379
2016_01,0.95231736
2016_02,0.2453319
2017_01,0.72891617
2017_02,0.13302141
2018_01,0.6331433
2020_01,0.5738586
2021_01,0.6074238
2023_01,0.5469024
2023_02,0.5624402
2023_03,0.5636638
2025_01,4.57037e-07
2030_01,0.5541489
2031_01,0.24695139
2033_01,0.28095692
2035_01,0.17339318
2035_02,0.9528862
2036_01,0.48211026
2036_02,0.5736047
2036_03,0.46743852
2037_01,0.8698243
2037_02,0.00012533646
2039_01,0.9298506
2039_02,0.94461393
2039_03,0.9490514
2047_01,0.6120312
2048_01,0.62439746
2049_01,0.67592835
2050_01,0.20932797
2057_01,0.53065157
2057_02,0.4816627
2057_03,0.3247896
2057_04,0.45259345
2057_05,0.6402774
2058_01,0.22351058
2064_01,0.94874555
2068_01,0.97125757
2068_02,0.9416008
2068_03,0.84714496
2068_04,0.19595107
2068_05,0.82057405
2069_01,0.2452828
2072_01,0.26187554
2072_02,0.22047964
2076_01,0.98583317
2077_01,0.22203818
2078_01,0.99113554
2079_01,0.64510155
2079_02,0.2800281
2079_03,0.18854515
2093_01,0.29262364
2098_01,0.42471558
2101_01,0.6443042
2101_02,0.63137794
2103_01,0.24754184
2108_01,0.34648243
2108_02,0.42080313
2109_01,0.6424743
2113_01,0.609164
2119_01,0.3942433
2119_02,0.6299652
2122_01,0.6019144
2132_01,0.71151775
2146_01,0.8747283
2146_02,0.902703
2151_01,0.6246258
2155_01,0.5736536
2157_01,0.21989328
2160_01,0.052527744
2160_02,0.94173765
2160_03,0.89233774
2165_01,0.5722917
2166_01,0.4901815
2169_01,0.18155259
2170_01,0.22620726
2174_01,0.21131712
2176_01,0.5873296
2178_01,0.3893307
2181_01,0.1777565
2184_01,0.99239707
2184_02,0.9842164
2185_01,0.9927633
2192_01,0.29839468
2197_01,0.47275567
2199_01,0.45512673
2208_01,0.27489224
2213_01,0.20525664
2214_01,0.2450199
2216_01,0.55733603
2217_01,0.2784963
2218_01,0.38630474
2222_01,0.9448819
2226_01,0.28337842
2227_01,0.9725023
2230_01,0.520552
2236_01,0.6360933
2240_01,0.6035027
2240_02,0.22686939
2240_03,0.4930191
2242_01,0.6561078
2244_01,0.7369495
2245_01,0.769609
2245_02,0.86698604
2246_01,0.64870584
2246_02,0.02766682
2247_01,0.05930535
2248_01,0.1306509
2249_01,0.7296943
2250_01,0.17931303
2259_01,0.50513643
2259_02,0.93822736
2260_01,0.93793774
2265_01,0.21429366
2271_01,1.5046051e-11
2276_01,0.68209755
2276_02,0.17901897
2283_01,0.14853673
2285_01,0.2416031
2286_01,0.1842169
2290_01,0.69051397
2292_01,0.7183681
2293_01,0.979567
2294_01,0.8065183
2297_01,0.22760469
2304_01,0.49725214
2307_01,0.5713804
2307_02,0.57283634
2307_03,0.56893015
2307_04,0.6097934
2307_05,0.5746836
2322_01,0.24939305
2323_01,0.11890787
2324_01,0.27780947
2326_01,0.5075957
2328_01,0.19627228
2330_01,0.17532797
2331_01,0.9359092
2334_01,0.22681776
2335_01,0.67502576
2337_01,0.5405231
2342_01,0.15505913
2343_01,0.9777435
2343_02,0.9379638
2344_01,0.0009797666
2344_02,0.9171758
2346_01,0.21580704
2350_01,0.52234787
2350_02,0.24706489
2350_03,0.9573705
2351_01,0.14843717
2351_02,0.22451593
2352_01,0.31346673
2354_01,0.07102551
2355_01,0.9079692
2355_02,0.9239784
2355_03,0.23281835
2355_04,0.9878806
2358_01,0.17902902
2359_01,0.12733781
2362_01,0.41472426
2370_01,0.44741857
2370_02,0.45558333
2370_03,0.332818
2370_04,0.52059245
2371_01,0.67077124
2372_01,0.23935598
2378_01,0.44054782
2378_02,0.9184809
2380_01,0.00037751088
2380_02,0.9526012
2381_01,0.6996157
2383_01,0.117633626
2383_02,0.2238954
2386_01,0.94655246
2388_01,0.15579897
2388_02,0.647172
2393_01,0.22418144
2394_01,0.64480776
2394_02,0.697755
2394_03,0.31416437
2400_01,0.28878167
2405_01,0.2576221
2407_01,0.9931432
2408_01,0.24076831
2415_01,0.85555655
2418_01,0.12929127
2420_01,0.28923702
2422_01,4.7014075e-23
2422_02,0.9785539
2425_01,0.5803749
2425_02,0.5141141
2425_03,0.6454157
2425_04,0.66332406
2425_05,0.7072958
2425_06,0.58534604
2428_01,0.28306323
2430_01,0.59175456
2430_02,0.5951727
2430_03,0.24510492
2434_01,0.46627045
2434_02,0.34824657
2437_01,0.023787346
2440_01,0.5693081
2447_01,0.22484666
2448_01,0.97551864
2448_02,0.97498626
2450_01,0.05500417
2459_01,0.6608325
2464_01,0.10745904
2465_01,0.354328
2468_01,0.93563366
2469_01,0.91509426
2469_02,0.19012356
2473_01,0.1469065
2481_01,0.69342166
2481_02,0.2516291
2482_01,0.12763464
2482_02,0.10079123
2484_01,0.9394251
2484_02,0.16852018
2485_01,0.2797101
2487_01,0.8935525
2487_02,0.9033269
2487_03,0.15513112
2490_01,0.22998676
2493_01,0.0036723146
2493_02,1.9110023e-06
2494_01,0.9260183
2494_02,0.00097117195
2495_01,0.2771553
2501_01,0.979079
2504_01,0.46649995
2507_01,0.4997776
2511_01,0.5929537
2514_01,0.5226837
2517_01,0.9741506
2525_01,0.23716368
2529_01,0.08036632
2533_01,0.31855407
2536_01,0.97509384
2538_01,0.9695127
2538_02,0.93294656
2539_01,0.60281336
2543_01,0.6564687
2554_01,0.7339977
2556_01,0.97727394
2563_01,0.67218566
2566_01,0.23089653
2567_01,0.6672891
2567_02,0.9727573
2568_01,0.6320049
2569_01,0.56379217
2570_01,0.553946
2575_01,0.87278605
2576_01,0.9807404
2577_01,0.64815426
2577_02,0.633662
2579_01,0.16933513
2583_01,0.51866585
2585_01,0.94825685
2586_01,0.5531861
2587_01,0.94541967
2587_02,0.9387978
2600_01,0.846895
2603_01,0.6405585
2603_02,0.69512224
2604_01,0.55896777
2608_01,0.6608714
2610_01,0.07285957
2611_01,0.27133378
2612_01,0.22051479
2613_01,0.5642702
2614_01,0.18890297
2615_01,0.63191235
2620_01,0.6429385
2621_01,9.050306e-09
2623_01,0.24638358
2630_01,0.17252436
2630_02,0.64326686
2630_03,0.6422775
2632_01,0.16014752
2637_01,0.124886565
2637_02,0.53008175
2637_03,0.50040656
2639_01,0.9680816
2644_01,0.1881989
2653_01,0.36635083
2654_01,0.053771555
2656_01,0.97674227
2665_01,0.053604666
2667_01,0.92260027
2667_02,0.0056918883
2667_03,0.006794057
2667_04,0.90269816
2667_05,0.9233347
2669_01,0.19739112
2673_01,0.9085225
2674_01,0.5834461
2674_02,0.60914385
2680_01,9.471231e-06
2681_01,0.7247524
2686_01,0.093406595
2689_01,0.050786685
2694_01,0.9353961
2694_02,0.9910191
2696_01,0.75074124
2699_01,0.16350766
2705_01,0.64514077
2710_01,0.9897873
2710_02,0.9897246
2711_01,0.83094597
2715_01,0.29622033
2715_02,0.20942344
2716_01,0.07641699
2716_02,0.9151231
2719_01,0.22347747
2719_02,0.9220724
2719_03,0.081879124
2728_01,0.79300094
2731_01,0.62288976
2733_01,0.34989256
2735_01,0.21877085
2742_01,0.7306562
2744_01,0.6006566
2749_01,0.6488988
2757_01,0.13937068
2761_01,0.23332979
2761_02,0.81003946
2766_01,0.8282583
2767_01,0.25480992
2771_01,0.23194695
2775_01,0.13398227
2776_01,0.6665735
2777_01,0.91025263
2779_01,0.22149983
2782_01,0.05581768
2791_01,0.19915241
2794_01,0.22311701
2794_02,0.2112061
2794_03,0.90376276
2794_04,0.949436
2794_05,0.15119883
2794_06,0.90996933
2794_07,0.9277636
2800_01,0.79997677
2803_01,0.9366896
2804_01,0.66788095
2808_01,0.94987553
2808_02,0.95938283
2815_01,0.22104898
2815_02,0.56814843
2815_03,0.562451
2816_01,0.96080446
2827_01,0.83276856
2828_01,0.26126963
2829_01,0.569472
2830_01,0.552146
2833_01,0.5937905
2836_01,0.99909395
2841_01,0.09993885
2842_01,0.5134567
2844_01,0.16790704
2845_01,0.9753685
2845_02,0.95716697
2848_01,0.92117155
2848_02,0.937336
2848_03,0.9686008
2849_01,0.15479505
2850_01,0.90618986
2850_02,0.908599
2850_03,0.18971771
2850_04,0.91176295
2851_01,0.21269025
2855_01,0.9040525
2864_01,0.099458426
2868_01,0.6611059
2868_02,0.6612533
2868_03,0.66262877
2868_04,0.7981094
2874_01,0.12927549
2879_01,0.15743187
2885_01,0.1073357
2886_01,0.06674501
2889_01,0.4060083
2895_01,0.99211466
2896_01,0.16161877
2898_01,0.9702195
2898_02,0.9320332
2903_01,0.7017246
2904_01,0.15374324
2904_02,0.8798742
2911_01,0.6399803
2914_01,0.91636556
2915_01,0.9739875
2916_01,0.9410425
2917_01,0.20018712
2918_01,0.010696776
2921_01,0.18533455
2922_01,0.7553644
2923_01,0.8873214
2924_01,0.08700788
2931_01,0.47484577
2931_02,0.19959664
2932_01,0.97954005
2933_01,0.1574114
2937_01,0.17803757
2939_01,0.63365847
2946_01,0.1806745
2946_02,0.2884699
2946_03,0.5158731
2946_04,0.31130248
2947_01,0.55642647
2951_01,0.18653902
2952_01,0.12224966
2955_01,0.22245887
2957_01,0.5358475
2963_01,0.53742206
2967_01,0.63541865
2973_01,0.20037988
2974_01,0.16331828
2976_01,0.90358293
2976_02,0.90490085
2976_03,0.90363914
2976_04,0.00016888637
2977_01,0.24720651
2977_02,0.3674091
2977_03,0.22267565
2978_01,0.22516045
2980_01,0.23180607
2981_01,0.55474573
2985_01,0.6339659
2987_01,0.24661615
2989_01,0.38264903
2991_01,0.05473468
2997_01,0.9109806
2997_02,0.025716359
2997_03,0.25045133
2997_04,0.93396044
2999_01,0.3211192
3002_01,0.20587829
3007_01,0.21226701
3008_01,0.9145166
3008_02,0.0010879659
3008_03,0.8951109
3008_04,0.55098075
3008_05,0.913157
3008_06,0.91409963
3011_01,0.5457983
3016_01,0.4927675
3016_02,0.549772
3016_03,0.49913764
3016_04,0.22598903
3017_01,0.97329754
3028_01,0.5032925
3031_01,0.976725
3035_01,0.5631884
3037_01,0.9813105
3037_02,0.9558817
3041_01,0.2280325
3043_01,0.49676025
3046_01,0.46812978
3049_01,0.095260344
3051_01,0.04406408
3052_01,0.012678009
3056_01,0.53728926
3057_01,0.6740288
3058_01,0.21400231
3059_01,0.96007967
3069_01,0.3317742
3072_01,0.98382634
3074_01,0.81565076
3075_01,0.68969285
3077_01,0.98322636
3077_02,0.98428726
3078_01,9.937329e-08
3078_02,1.1505606e-07
3078_03,0.99988484
3078_04,0.002164129
3086_01,0.5577208
3089_01,0.68974274
3094_01,0.63303334
3097_01,0.95440143
3098_01,0.1505653
3101_01,0.12640813
3105_01,0.8775096
3105_02,0.53167075
3105_03,0.88793135
3106_01,0.64497626
3107_01,0.7517495
3108_01,0.57948124
3109_01,0.6467159
3115_01,0.74588585
3122_01,0.2811935
3122_02,0.17338435
3125_01,0.046645354
3125_02,0.11792068
3127_01,0.9884969
3129_01,0.71370286
3135_01,0.21641865
3137_01,0.90414125
3139_01,0.35945484
3141_01,0.9734903
3144_01,0.2999986
3146_01,0.28047368
3148_01,0.6545322
3148_02,0.19795558
3150_01,0.67724997
3151_01,0.9778616
3153_01,0.17094132
3153_02,0.7821822
3154_01,0.69715935
3155_01,0.97519356
3155_02,0.69101006
3156_01,0.23442982
3157_01,0.16070832
3160_01,0.10171065
3165_01,0.18535
3167_01,0.6618894
3170_01,0.65548205
3173_01,0.7144784
3177_01,0.24838096
3178_01,0.94319105
3183_01,0.3689158
3186_01,0.9549773
3187_01,0.4095358
3190_01,0.17201644
3190_02,0.68694746
3194_01,0.44079468
3198_01,0.030740336
3199_01,0.8500701
3202_01,0.56857747
3207_01,0.17003192
3208_01,0.396363
3214_01,0.9756789
3222_01,0.2688359
3226_01,0.9725156
3228_01,0.11755043
3231_01,0.8196817
3233_01,0.6830625
3234_01,0.22545958
3242_01,0.23467126
3244_01,0.9167827
3244_02,0.924553
3244_03,0.9735322
3245_01,0.5485358
3245_02,0.09217674
3246_01,0.656121
3249_01,0.18051647
3249_02,0.5519045
3250_01,0.23022537
3251_01,0.19531988
3257_01,0.97624946
3261_01,0.10933982
3263_01,0.97712904
3264_01,0.1690164
3265_01,0.0007429752
3265_02,0.97996104
3265_03,0.9390409
3265_04,0.8970108
3266_01,0.3893262
3267_01,0.9482593
3277_01,0.0035016285
3278_01,0.952776
3281_01,0.9908579
3285_01,0.01076399
3285_02,0.7199292
3286_01,0.14408587
3288_01,0.9545593
3290_01,0.96601826
3290_02,0.06581269
3291_01,0.66955435
3302_01,0.15318964
3303_01,0.2283873
3306_01,0.049594745
3307_01,0.7172438
3316_01,0.7687935
3320_01,0.008478983
3320_02,0.033541102
3321_01,0.978508
3333_01,0.58792627
3334_01,0.7654611
3335_01,0.24468422
3340_01,0.15984719
3341_01,0.953426
3341_02,1.6789535e-08
3344_01,0.94552547
3344_02,0.9500257
3345_01,0.7703231
3345_02,0.1306566
3345_03,0.72351706
3346_01,0.07432945
3347_01,0.893597
3347_02,0.062628016
3351_01,0.6803991
3351_02,0.7045429
3354_01,0.085456446
3355_01,0.5547556
3356_01,0.39370763
3358_01,0.22875813
3362_01,0.76720923
3362_02,0.35410714
3366_01,0.9603362
3367_01,0.59723806
3368_01,0.7028849
3368_02,0.79542273
3368_03,0.19764964
3368_04,0.73185766
3368_05,0.6463128
3368_06,0.13755852
3368_07,0.13690802
3369_01,0.00025479245
3373_01,0.7276257
3374_01,0.33942753
3375_01,0.10905024
3376_01,0.82034475
3378_01,0.3907135
3379_01,0.6786102
3385_01,0.5510154
3388_01,0.9774281
3393_01,0.56751263
3398_01,0.12338306
3399_01,0.13434502
3400_01,0.6804807
3407_01,0.37047967
3407_02,0.15501529
3411_01,0.54772323
3411_02,0.32816148
3411_03,0.27409458
3411_04,0.12204361
3411_05,0.9203499
3411_06,0.92112404
3411_07,0.14206508
3414_01,0.06997717
3416_01,0.00080753013
3427_01,0.6818697
3429_01,0.77394503
3435_01,0.14334407
3436_01,0.7745417
3448_01,0.6776587
3448_02,0.7602191
3451_01,0.22593495
3452_01,0.37819695
3457_01,0.83644044
3460_01,0.1640385
3463_01,0.6723014
3466_01,0.17469086
3471_01,0.0057740826
3472_01,0.6448573
3477_01,0.000112628906
3477_02,0.7590132
3479_01,0.21199031
3481_01,0.06620852
3482_01,0.027429545
3482_02,0.72881633
3493_01,0.65815455
3494_01,0.009233931
3494_02,0.9349418
3498_01,0.26861855
3500_01,0.38535973
3502_01,0.11718941
3503_01,0.53761977
3505_01,0.20881538
3507_01,0.5698995
3508_01,0.3863692
3508_02,0.92193794
3509_01,0.9890013
3509_02,0.161492
3510_01,0.8044971
3513_01,0.9003087
3513_02,0.8807515
3513_03,0.2874044
3513_04,0.9010518
3516_01,0.10817554
3517_01,0.78530705
3522_01,0.7340815
3524_01,0.24235827
3526_01,0.12314801
3529_01,0.96063125
3532_01,0.97744685
3538_01,9.602427e-06
3541_01,0.2564825
3544_01,0.28844467
3544_02,0.58649224
3545_01,0.29445407
3549_01,0.010406539
3549_02,0.94728017
3551_01,0.21098536
3554_01,0.21911182
3557_01,0.13039266
3571_01,0.7074151
3574_01,0.45782867
3575_01,0.0076442137
3580_01,0.88988686
3580_02,0.9247659
3581_01,0.08966014
3583_01,0.28729698
3585_01,0.7629676
3587_01,0.70326895
3587_02,0.23862827
3587_03,0.6082129
3589_01,0.057605308
3589_02,0.53376174
3589_03,0.571223
3589_04,0.7172343
3589_05,0.2634562
3589_06,0.538315
3589_07,0.53934306
3590_01,0.23732519
3593_01,0.55240834
3599_01,0.57379013
3601_01,0.13479044
3601_02,0.68694913
3601_03,0.59347975
3601_04,0.6896506
3601_05,0.5905398
3601_06,0.058320597
3601_07,0.70959604
3603_01,0.97510517
3603_02,0.97653556
3604_01,0.7255429
3611_01,0.3991827
3617_01,0.32349604
3617_02,0.71313864
3617_03,0.092069164
3618_01,0.9749176
3618_02,0.0008415762
3618_03,0.95346993
3618_04,0.14093828
3621_01,0.08506888
3621_02,0.16406569
3623_01,0.693796
3627_01,0.9975096
3632_01,0.37133908
3633_01,0.96330136
3635_01,0.72925985
3635_02,0.2457861
3637_01,0.14885888
3638_01,0.23911275
3643_01,0.69685763
3646_01,0.25665653
3646_02,0.49324703
3649_01,0.21122843
3651_01,0.9589587
3656_01,0.760291
3656_02,0.090905294
3657_01,0.89628446
3657_02,0.81543195
3657_03,0.38641283
3659_01,0.4628616
3659_02,0.5917808
3659_03,0.61873436
3659_04,0.58939177
3659_05,0.19755036
3659_06,0.6305901
3659_07,0.621795
3661_01,0.21345922
3663_01,0.9617661
3666_01,0.86373365
3669_01,0.4976387
3670_01,0.7713217
3672_01,0.26338783
3672_02,0.3367045
3673_01,0.6966443
3675_01,0.5552837
3675_02,0.6405163
3675_03,0.66449547
3676_01,0.96059895
3683_01,0.92306554
3683_02,0.9220228
3684_01,0.68428624
3684_02,0.670369
3685_01,0.5840926
3687_01,0.9975467
3689_01,0.26534298
3694_01,0.7297683
3695_01,0.10964987
3696_01,0.95880526
3697_01,0.16218507
3698_01,0.21826032
3701_01,0.8875463
3701_02,0.618564
3701_03,0.88988703
3709_01,0.85308975
3712_01,0.56702554
3712_02,0.708688
3712_03,0.6043397
3712_04,0.635094
3712_05,0.6400968
3717_01,0.15995464
3717_02,0.6272246
3718_01,0.97529346
3720_01,0.97433144
3720_02,0.97218895
3720_03,0.9759125
3721_01,0.08423428
3722_01,0.29444984
3723_01,0.5066891
3725_01,0.77562416
3727_01,0.28360784
3730_01,0.73411983
3731_01,0.74273163
3738_01,0.74616104
3740_01,0.2332698
3746_01,0.3397895
3746_02,0.5552201
3746_03,0.55435437
3746_04,0.5603384
3762_01,0.39966533
3763_01,0.17069882
3764_01,0.57045746
3764_02,0.5817537
3766_01,0.90021974
3766_02,0.9080508
3780_01,0.9896173
3782_01,0.39887804
3782_02,0.006068562
3791_01,0.0014539822
3792_01,0.7400514
3794_01,0.63087535
3799_01,0.5003917
3800_01,0.32074893
3802_01,0.124194175
3806_01,0.62642735
3808_01,0.6175212
3809_01,0.09989775
3809_02,0.537488
3813_01,0.5967594
3819_01,0.21577913
3825_01,0.279061
3827_01,0.25410187
3828_01,0.9914176
3828_02,0.017326683
3828_03,0.9368618
3829_01,0.391534
3829_02,0.6196662
3833_01,0.9875747
3834_01,0.7797346
3837_01,0.15713146
3840_01,0.048582125
3843_01,0.64940906
3844_01,0.5221807
3844_02,0.9895866
3845_01,0.52486944
3855_01,0.6744665
3858_01,0.87550414
3858_02,0.8770888
3858_03,0.08588995
3858_04,0.111600295
3859_01,0.97715026
3860_01,0.94317234
3861_01,0.16868737
3863_01,0.3786454
3865_01,0.7425384
3869_01,0.72019905
3876_01,0.9316398
3876_02,0.38394073
3876_03,0.9573016
3877_01,0.18922718
3878_01,0.14453138
3880_01,0.63212234
3881_01,0.31887102
3882_01,0.93112314
3884_01,0.10979561
3885_01,0.14620918
3887_01,0.9963424
3889_01,0.38178146
3889_02,0.32425174
3891_01,0.6307028
3892_01,0.5729345
3892_02,0.10274653
3893_01,0.06214867
3893_02,0.97595894
3893_03,0.14323018
3900_01,0.21121411
3901_01,0.7516006
3902_01,0.9149685
3905_01,0.7681185
3906_01,0.0037437242
3906_02,0.24865404
3908_01,0.5114119
3908_02,0.6033844
3910_01,0.6241878
3914_01,0.23130938
3918_01,0.16923288
3920_01,0.25911623
3925_01,0.006145141
3925_02,0.23999193
3929_01,0.72483474
3934_01,0.93322784
3934_02,0.43417066
3943_01,0.659711
3943_02,0.6941185
3943_03,0.20184089
3947_01,0.24645805
3951_01,0.20969924
3953_01,0.61431605
3956_01,0.4131267
3957_01,0.58680195
3965_01,0.28948295
3969_01,0.15043415
3972_01,0.9521717
3975_01,0.34532917
3978_01,0.6423218
3979_01,1.6349897e-05
3982_01,0.1433288
3983_01,0.29892564
3989_01,0.62375104
3989_02,0.71169615
3989_03,0.6215136
3989_04,0.59690577
3990_01,0.8282654
3993_01,0.11561902
4004_01,0.1655432
4007_01,0.108409256
4011_01,0.7445963
4012_01,0.99586785
4012_02,0.97487324
4015_01,0.8674042
4015_02,0.31559572
4024_01,0.99605316
4025_01,0.88906837
4028_01,0.6542505
4029_01,0.97791815
4041_01,0.72014767
4048_01,0.95374256
4048_02,0.9603035
4048_03,0.9592127
4051_01,0.7421822
4052_01,0.97294676
4054_01,0.9067083
4054_02,0.99463415
4054_03,0.23592035
4056_01,0.20027943
4057_01,0.27992675
4059_01,0.94181454
4059_02,0.1155693
4062_01,0.0028229754
4067_01,0.5022837
4070_01,0.89199364
4070_02,0.92279917
4070_03,0.5658931
4073_01,0.12028869
4073_02,0.6491293
4074_01,0.22604638
4077_01,0.006862634
4085_01,0.59028834
4086_01,0.27694595
4086_02,0.76411515
4086_03,0.60972273
4087_01,0.58968526
4088_01,0.6483216
4092_01,0.6605465
4094_01,0.013075891
4094_02,0.000118385666
4100_01,0.99041647
4105_01,0.5877451
4111_01,0.85827565
4117_01,0.2673973
4118_01,0.20254019
4119_01,0.65919644
4121_01,0.00016194895
4122_01,0.6200537
4123_01,0.14002474
4124_01,0.67832446
4126_01,0.01464295
4133_01,0.97015977
4133_02,0.9700091
4136_01,0.9223878
4136_02,0.06001661
4138_01,0.025876595
4139_01,0.18703304
4146_01,0.57447636
4148_01,0.5944206
4153_01,0.41024098
4155_01,0.9869373
4157_01,0.4283601
4161_01,0.6288761
4162_01,0.71033126
4164_01,0.8972803
4180_01,0.9178829
4180_02,1.6895472e-05
4187_01,0.10725057
4190_01,0.9992657
4192_01,0.38179237
4193_01,0.6410023
4195_01,0.2287584
4198_01,0.8237865
4200_01,0.6151869
4201_01,0.44685304
4202_01,0.94885516
4202_02,0.049024362
4209_01,0.024854928
4217_01,0.4498227
4224_01,0.16401385
4224_02,0.6943151
4226_01,0.9553034
4226_02,0.09992531
4227_01,0.77146596
4228_01,0.2711751
4234_01,0.1342731
4234_02,0.1565094
4235_01,0.099788025
4235_02,0.69092256
4236_01,0.76516664
4236_02,0.96382314
4241_01,0.60426235
4247_01,0.8867047
4247_02,0.14937657
4248_01,0.18213546
4248_02,0.30206954
4250_01,0.5911314
4263_01,0.73494446
4263_02,0.7023067
4263_03,0.7037148
4265_01,0.99186724
4268_01,0.95051926
4268_02,0.9839922
4269_01,0.6093902
4275_01,0.23493478
4276_01,0.10795922
4277_01,0.62237376
4279_01,0.22197188
4281_01,0.25634372
4282_01,0.9822929
4283_01,0.62035835
4284_01,0.9742072
4284_02,0.2210779
4285_01,0.70868427
4286_01,0.74621636
4286_02,0.2817077
4286_03,0.63426405
4287_01,0.6237443
4288_01,0.8550348
4288_02,0.2437272
4290_01,0.099838555
4298_01,0.35647365
4298_02,0.9241156
4298_03,0.89881676
4299_01,0.2609178
4304_01,0.14215326
4307_01,0.9798258
4308_01,0.59671783
4310_01,0.22678167
4313_01,0.5928174
4314_01,0.91542095
4321_01,0.983388
4322_01,0.7196057
4323_01,0.9066745
4323_02,0.1308853
4323_03,0.5189894
4323_04,0.9097322
4325_01,0.6064672
4326_01,0.25386068
4328_01,0.60721314
4331_01,0.6330704
4341_01,0.64503
4341_02,0.5689529
4342_01,0.707509
4353_01,0.2574172
4355_01,0.58350706
4363_01,0.6302888
4374_01,0.19154187
4375_01,0.84235746
4377_01,0.6294099
4377_02,0.4335245
4377_03,0.6409794
4378_01,0.021785913
4378_02,0.0732238
4379_01,0.75896263
4380_01,0.13177451
4381_01,0.6465455
4381_02,0.10872316
4384_01,0.6359102
4385_01,0.46777114
4385_02,0.60128254
4385_03,0.6983759
4389_01,0.15468898
4394_01,0.18138576
4398_01,0.18312344
4406_01,0.29144248
4412_01,0.0613182
4414_01,0.9759794
4417_01,0.9825653
4418_01,0.18022019
4419_01,0.21518949
4419_02,0.14499283
4420_01,0.30204654
4420_02,0.5397835
4421_01,0.26419035
4423_01,0.007844503
4425_01,0.98504514
4425_02,0.8922209
4434_01,0.063518964
4435_01,0.95960677
4435_02,0.51433724
4439_01,0.7765917
4439_02,0.7087952
4442_01,0.80642086
4443_01,0.6009821
4443_02,0.4168085
4454_01,0.9732429
4455_01,0.2238147
4455_02,0.19652382
4455_03,0.6572798
4458_01,0.6112118
4460_01,0.9445778
4468_01,0.74629146
4471_01,0.2260801
4478_01,0.49728703
4480_01,0.9128685
4481_01,0.24468659
4484_01,0.2222235
4488_01,0.21071881
4489_01,0.09101998
4495_01,0.085995115
4499_01,0.6078874
4503_01,0.14278598
4504_01,0.93326926
4507_01,0.09441535
4513_01,0.5589012
4519_01,0.72181654
4520_01,0.19488397
4523_01,0.6234057
4523_02,0.6203281
4523_03,0.1645754
4523_04,0.7164148
4523_05,0.6282972
4523_06,0.71810347
4525_01,0.06999125
4526_01,0.6630403
4527_01,0.14012754
4528_01,0.76689523
4536_01,0.110364504
4540_01,0.7689269
4541_01,0.056206334
4545_01,0.22435442
4548_01,0.9567981
4551_01,0.90709674
4551_02,0.9569958
4551_03,0.9706267
4551_04,0.9663619
4554_01,0.054448556
4556_01,0.30491942
4566_01,0.21589388
4578_01,0.16521285
4579_01,0.74720967
4582_01,0.62494755
4582_02,0.7182611
4582_03,0.71980846
4582_04,0.74229646
4582_05,0.6583275
4582_06,0.61995083
4582_07,0.6426141
4583_01,0.9661056
4583_02,0.9635495
4583_03,0.5872549
4584_01,0.29405767
4588_01,0.21059726
4589_01,0.46699768
4590_01,0.24208733
4598_01,0.17113067
4599_01,0.7709407
4600_01,0.6686422
4600_02,0.6175512
4601_01,0.15065436
4614_01,0.50899225
4614_02,0.25883958
4616_01,0.2529866
4618_01,0.32480168
4619_01,0.93613374
4626_01,0.98731935
4626_02,0.062485483
4627_01,0.12914933
4629_01,0.33008236
4636_01,0.5930779
4639_01,0.90803576
4639_02,0.9081507
4639_03,2.205727e-05
4639_04,0.0043027373
4639_05,0.88468516
4639_06,0.9083731
4647_01,0.74966925
4660_01,0.7178445
4666_01,0.35383713
4669_01,0.97692966
4670_01,0.49781507
4671_01,0.9655032
4671_02,0.96635634
4671_03,0.9109032
4671_04,0.9657696
4674_01,0.07879829
4675_01,0.3322608
4675_02,1.8406698e-05
4681_01,0.0002775111
4682_01,0.743693
4683_01,0.9728265
4683_02,0.5956061
4685_01,0.9838708
4687_01,0.120512396
4688_01,0.24444404
4692_01,4.780461e-05
4697_01,0.9810431
4698_01,0.9845996
4700_01,0.9673724
4701_01,0.98354304
4701_02,0.9834868
4701_03,0.9568834
4701_04,0.9513382
4702_01,0.64687395
4702_02,0.31421673
4703_01,0.9653363
4703_02,0.9890648
4705_01,0.91031504
4705_02,0.08067387
4707_01,0.05685219
4707_02,0.6242605
4715_01,0.94876087
4716_01,0.3318895
4718_01,0.99087214
4722_01,0.20064746
4724_01,0.8967633
4727_01,0.26449016
4727_02,0.64370203
4729_01,0.07664878
4731_01,0.58843994
4734_01,0.1262304
4735_01,0.2786471
4736_01,0.9850012
4737_01,0.2325958
4740_01,0.7642514
4742_01,0.19901408
4745_01,0.61336327
4747_01,0.93778515
4747_02,0.24983656
4749_01,0.09580629
4751_01,0.20038535
4760_01,0.55917704
4761_01,0.6385664
4761_02,0.5536301
4761_03,0.56662005
4765_01,0.5974795
4766_01,0.98185194
4767_01,0.6577329
4768_01,0.52233994
4768_02,0.9037176
4771_01,0.65008676
4776_01,0.9837003
4776_02,0.5845489
4776_03,0.9750707
4776_04,0.9763104
4779_01,0.0865504
4781_01,0.1332702
4789_01,0.6217485
4799_01,0.16982135
4799_02,0.26790026
4799_03,0.2499479
4800_01,0.22299996
4802_01,0.54623806
4802_02,0.24616927
4805_01,0.66635096
4806_01,0.7680907
4809_01,0.03329043
4811_01,0.7980719
4812_01,0.71876967
4816_01,0.28671327
4820_01,0.8992063
4820_02,0.0005809171
4821_01,0.20528892
4824_01,0.8983072
4825_01,0.98251325
4826_01,0.8151978
4833_01,0.001693433
4833_02,0.34267607
4834_01,0.7605114
4835_01,0.059617814
4839_01,0.18737204
4843_01,0.21335296
4843_02,0.16060664
4844_01,0.39479432
4849_01,0.9651418
4852_01,0.6899756
4854_01,0.98298365
4855_01,0.63581944
4855_02,0.5924144
4858_01,0.05399456
4859_01,0.76886964
4860_01,0.3698956
4861_01,0.2838387
4865_01,0.110822275
4867_01,0.14618571
4869_01,0.2741119
4872_01,0.2011445
4877_01,0.31103745
4894_01,0.77875614
4905_01,0.7374859
4906_01,0.25158808
4907_01,0.75322574
4908_01,0.4274837
4914_01,0.1927652
4919_01,0.23445274
4921_01,8.600824e-06
4922_01,0.6658803
4926_01,0.1326067
4928_01,0.4621483
4931_01,0.6941715
4935_01,0.1929898
4935_02,0.60948867
4935_03,0.56064487
4936_01,0.08415471
4947_01,0.26071137
4948_01,0.0786352
4949_01,0.92355204
4949_02,0.00010726409
4953_01,0.82910633
4955_01,0.1599336
4957_01,0.97857004
4959_01,0.98295575
4960_01,0.16689315
4962_01,0.9779153
4966_01,0.9979149
4966_02,0.9364612
4967_01,0.5269598
4968_01,0.65468633
4969_01,0.4292695
4969_02,0.58004487
4971_01,0.80989033
4976_01,0.46360385
4982_01,0.7037344
4984_01,0.26812208
4984_02,0.2388866
4985_01,0.98661363
4986_01,0.20298377
4988_01,0.92684186
4993_01,0.7666424
4994_01,0.16134392
5001_01,0.72939104
5002_01,0.8556188
5011_01,0.77265596
5022_01,0.2869234
5024_01,0.73827815
5024_02,0.63003886
5024_03,0.7431457
5024_04,0.23600103
5024_05,0.85281
5026_01,0.4170008
5029_01,0.9638734
5029_02,0.912539
5030_01,0.67577654
5031_01,0.14376083
5031_02,0.74059415
5033_01,0.3554919
5033_02,0.0024078095
5037_01,0.70811915
5038_01,0.054883312
5038_02,0.94430584
5041_01,0.35285014
5043_01,0.972063
5043_02,0.9853809
5043_03,0.6297978
5045_01,0.9859458
5046_01,0.7363162
5047_01,0.797479
5049_01,0.2175298
5053_01,0.21443692
5054_01,0.049531735
5055_01,0.65555125
5056_01,0.9706794
5056_02,0.80516917
5066_01,0.91078615
5071_01,0.7488989
5075_01,0.62677526
5077_01,0.25297466
5078_01,0.09472888
5079_01,0.98475456
5081_01,0.28372788
5082_01,0.16859347
5086_01,0.9380689
5086_02,0.7299615
5092_01,0.6314475
5094_01,0.59208995
5094_02,0.21913773
5096_01,0.091180526
5096_02,0.24638069
5098_01,0.22128826
5098_02,0.57271767
5098_03,0.76188403
5099_01,0.12559758
5100_01,0.98730254
5101_01,0.7808401
5102_01,0.15393226
5107_01,0.11430587
5110_01,0.9529021
5113_01,0.11782075
5114_01,0.9846515
5117_01,0.38625172
5118_01,0.81295514
5119_01,0.71643096
5121_01,0.13610658
5123_01,0.21709909
5131_01,0.58758193
5131_02,0.96913254
5134_01,0.18457744
5135_01,0.028122218
5139_01,0.27619106
5141_01,0.9691648
5143_01,0.6534195
5147_01,0.69085765
5149_01,0.0007236112
5149_02,0.99772704
5150_01,0.9876437
5153_01,0.7603538
5155_01,0.23050472
5159_01,0.84720373
5159_02,0.03344007
5164_01,0.9890767
5164_02,0.8058846
5168_01,0.052831203
5169_01,0.24537134
5172_01,0.22344199
5178_01,0.49418974
5183_01,0.7048411
5189_01,0.8997674
5191_01,0.05612451
5195_01,0.06043147
5200_01,0.2156293
5203_01,0.9218103
5203_02,0.92995715
5212_01,0.33175206
5215_01,9.094178e-06
5219_01,0.94606864
5219_02,0.82938206
5222_01,0.78365016
5228_01,0.19402522
5228_02,0.750674
5231_01,0.07832165
5232_01,1.9963201e-05
5232_02,0.015379218
5233_01,0.60127914
5237_01,0.9729637
5241_01,0.55374837
5241_02,0.58841705
5245_01,0.5502245
5259_01,0.17005056
5261_01,0.16321902
5263_01,0.13046473
5267_01,0.6230285
5267_02,0.6416294
5267_03,0.7750404
5270_01,0.6246797
5283_01,0.31021842
5284_01,0.7323333
5285_01,0.9525095
5286_01,0.05675615
5289_01,0.70459616
5293_01,0.18290667
5293_02,0.2152466
5294_01,0.2836985
5295_01,0.010247167
5296_01,0.047553435
5302_01,0.9833915
5306_01,0.2832979
5306_02,0.94720083
5308_01,0.6640333
5308_02,0.6247899
5308_03,0.20757493
5309_01,0.9362483
5311_01,0.64135057
5317_01,0.2244367
5317_02,0.7421809
5318_01,0.6773656
5318_02,0.78782666
5319_01,0.18253238
5321_01,0.2134652
5324_01,0.6598972
5328_01,0.9498404
5329_01,0.08580925
5329_02,0.6293614
5329_03,0.5958796
5329_04,0.62678665
5329_05,0.36486438
5329_06,0.5949501
5329_07,0.59409237
5332_01,0.721348
5335_01,0.90823793
5335_02,0.8524522
5335_03,0.20283923
5335_04,0.8409698
5336_01,0.5791459
5338_01,0.72127086
5339_01,0.47388357
5339_02,0.8774278
5339_03,0.92851496
5342_01,0.29187816
5349_01,0.6583774
5352_01,0.7201082
5357_01,0.88133234
5357_02,0.91905
5357_03,0.03572627
5357_04,0.055662524
5358_01,0.5173968
5364_01,0.7720494
5369_01,0.5997647
5369_02,0.07358749
5369_03,0.9755423
5370_01,0.6543402
5371_01,0.9061611
5371_02,0.30194342
5371_03,0.9068411
5371_04,0.94491464
5373_01,0.13325302
5376_01,0.97603726
5376_02,0.93848884
5377_01,0.97869194
5381_01,0.049899604
5382_01,0.9876871
5382_02,0.9885247
5386_01,0.6474875
5391_01,0.15681475
5393_01,0.16771573
5398_01,0.9732866
5399_01,0.08324525
5400_01,0.60200465
5403_01,0.24635324
5405_01,0.13409695
5407_01,0.71625406
5409_01,0.18914291
5417_01,0.04251506
5419_01,0.21469629
5426_01,0.7319906
5428_01,0.20426625
5428_02,0.54613435
5429_01,0.12691332
5432_01,0.87699497
5433_01,0.97084415
5439_01,0.17732164
5442_01,0.12302378
5444_01,0.31873846
5448_01,0.24142218
5449_01,0.34257242
5456_01,0.25378728
5460_01,0.22280334
5461_01,0.07701817
5464_01,0.09738288
5473_01,0.5729296
5473_02,0.13803518
5481_01,0.95601237
5482_01,0.4823018
5482_02,0.2126289
5486_01,0.8919296
5493_01,0.8556231
5495_01,0.9718277
5498_01,0.6395961
5498_02,0.6402454
5502_01,0.8227966
5503_01,0.14883351
5505_01,0.2557752
5505_02,0.78134835
5505_03,0.86805964
5513_01,0.67855924
5513_02,0.6419842
5513_03,0.15505879
5513_04,0.7347996
5516_01,0.23456143
5518_01,0.17471428
5519_01,0.34702358
5525_01,0.40446398
5532_01,0.6939836
5533_01,0.17388959
5534_01,0.35731557
5542_01,0.06029525
5547_01,0.67787004
5548_01,0.6089573
5549_01,0.9231828
5553_01,0.9189257
5553_02,0.66625035
5554_01,0.6266112
5558_01,0.20494369
5562_01,0.95545626
5562_02,0.9835163
5564_01,0.093037754
5565_01,0.23130292
5567_01,0.16525143
5570_01,0.8261784
5576_01,0.40282848
5577_01,0.77587104
5577_02,0.734756
5577_03,0.7602837
5577_04,0.7479033
5577_05,0.74301374
5579_01,0.9136071
5584_01,0.93289113
5584_02,0.08559156
5588_01,0.119708136
5588_02,0.939302
5588_03,0.9384474
5588_04,0.84137684
5588_05,0.93802977
5590_01,0.7205287
5593_01,0.16234893
5597_01,0.6992152
5600_01,0.70111823
5604_01,0.3515758
5605_01,0.26544255
5607_01,0.71838516
5612_01,0.74672997
5617_01,0.07893692
5620_01,0.6633459
5620_02,0.13298844
5621_01,0.1927477
5624_01,0.77247816
5630_01,0.9497374
5632_01,0.9435199
5633_01,0.19818774
5634_01,0.7607986
5635_01,0.22501524
5636_01,0.19993488
5638_01,0.80675244
5641_01,0.784214
5649_01,0.9880632
5654_01,0.21409893
5656_01,0.56906116
5657_01,0.01076429
5658_01,0.08627486
5660_01,0.19021675
5664_01,0.65384823
5664_02,0.64920723
5664_03,0.65440834
5664_04,0.6604261
5665_01,0.16566013
5666_01,0.11737944
5668_01,0.81365
5669_01,0.7835242
5670_01,0.8567704
5672_01,0.631362
5675_01,0.680037
5676_01,0.6855328
5678_01,0.9774787
5678_02,0.6346046
5682_01,0.8886611
5683_01,0.14171949
5690_01,0.15921447
5691_01,0.98694736
5694_01,0.91215193
5697_01,0.54219276
5699_01,0.24723151
5703_01,0.38439503
5708_01,0.6491893
5715_01,0.8025539
5715_02,0.74308515
5720_01,0.5797841
5720_02,0.5706457
5731_01,0.03146536
5731_02,0.6874186
5734_01,0.98478115
5734_02,0.20008887
5741_01,0.06244915
5743_01,0.1547746
5745_01,0.7789362
5749_01,0.22468828
5752_01,0.13121706
5753_01,0.21624465
5754_01,0.0136542525
5759_01,0.774519
5760_01,0.40984833
5762_01,0.22952661
5766_01,0.98634034
5770_01,0.99868655
5774_01,0.27006996
5775_01,0.98030585
5782_01,0.25413787
5782_02,0.24453151
5782_03,0.62155926
5782_04,0.81067216
5784_01,0.74697787
5787_01,0.24006666
5787_02,0.67923635
5787_03,0.52854556
5789_01,0.8791322
5789_02,0.83661103
5797_01,0.9627722
5798_01,0.2875591
5801_01,0.4350836
5803_01,0.66339225
5805_01,0.10913832
5807_01,0.16460678
5815_01,0.106755055
5815_02,0.08963686
5815_03,0.21105507
5815_04,3.5643398e-12
5830_01,0.86030596
5832_01,0.1746312
5833_01,0.69317025
5838_01,0.5408439
5841_01,0.9736656
5841_02,0.9751768
5841_03,0.93281806
5845_01,0.7268535
5850_01,0.9841506
5851_01,0.22128545
5851_02,0.91298366
5853_01,0.11021467
5862_01,0.26068088
5864_01,0.51817
5865_01,0.19257906
5866_01,0.5884348
5870_01,0.666567
5872_01,0.65437055
5873_01,0.14412925
5873_02,0.6315581
5873_03,0.19738163
5881_01,0.9548754
5883_01,0.9230235
5884_01,0.3662503
5892_01,0.03874062
5893_01,0.15808162
5893_02,0.57526183
5895_01,0.014621295
5896_01,0.57270736
5899_01,0.16296674
5904_01,0.9498628
5904_02,0.050861068
5910_01,0.23455961
5911_01,0.81596565
5911_02,0.19282024
5911_03,0.03457219
5911_04,0.7678603
5911_05,0.7393346
5911_06,0.7757702
5914_01,0.8108692
5917_01,0.841756
5918_01,0.69979
5926_01,0.658695
5929_01,0.63230866
5932_01,0.23600361
5935_01,0.21226396
5936_01,0.98062015
5936_02,0.9834499
5936_03,0.020582732
5936_04,0.6749474
5936_05,0.0010081135
5937_01,0.88047034
5940_01,0.24558423
5942_01,0.9092586
5942_02,0.96003795
5943_01,0.15264384
5948_01,0.3094583
5958_01,0.52582335
5961_01,0.9695069
5961_02,0.9669088
5962_01,0.5995773
5964_01,0.9791974
5964_02,0.9612047
5966_01,0.8704535
5966_02,0.9038219
5978_01,0.17768194
5978_02,0.67584085
5979_01,0.83500636
5982_01,0.096476726
5996_01,0.8027566
5997_01,0.6779666
5997_02,0.9397706
6002_01,0.6848958
6005_01,0.77474207
6005_02,0.7765202
6005_03,0.77651334
6005_04,0.0002379195
6005_05,0.782374
6009_01,0.0861786
6009_02,0.092023306
6012_01,0.1300945
6013_01,0.6740045
6018_01,0.19984224
6021_01,0.7623647
6023_01,0.23021695
6037_01,0.6977369
6044_01,0.155621
6044_02,0.6323116
6046_01,0.6527927
6050_01,0.9798746
6051_01,0.0019135408
6051_02,0.3637007
6053_01,0.22199409
6056_01,0.03271309
6057_01,0.6840287
6060_01,0.20209202
6063_01,0.7828093
6072_01,0.26446092
6074_01,0.66943604
6074_02,0.7494898
6074_03,0.9459443
6078_01,0.7980146
6079_01,0.69991136
6081_01,0.9250331
6081_02,0.38901505
6081_03,0.9026014
6081_04,0.9741628
6083_01,0.08984966
6084_01,0.7150013
6088_01,0.65082246
6089_01,0.7471258
6093_01,0.6503208
6097_01,0.43171716
6100_01,0.653463
6104_01,0.98092294
6113_01,0.12640034
6114_01,0.20033364
6119_01,0.93955845
6119_02,0.66339886
6119_03,0.9403374
6125_01,0.12359221
6129_01,0.2508393
6131_01,0.20522669
6134_01,0.7958591
6140_01,0.64394784
6142_01,0.33726037
6142_02,0.9222492
6144_01,0.72234607
6147_01,0.20717505
6151_01,0.012907712
6151_02,0.9203784
6154_01,0.7922207
6159_01,0.30655453
6160_01,0.48427358
6160_02,0.82162225
6161_01,0.82010055
6164_01,0.95338446
6165_01,0.8392323
6177_01,0.008483636
6183_01,0.16706848
6185_01,4.8492406e-13
6187_01,0.98811424
6188_01,0.67234254
6190_01,0.6925716
6193_01,0.96327156
6193_02,0.9604459
6193_03,0.09995733
6193_04,0.5004711
6195_01,0.20561083
6196_01,0.9370621
6197_01,0.6832304
6198_01,0.24801113
6202_01,0.6052555
6203_01,0.00015831708
6204_01,0.8032307
6209_01,7.3762657e-10
6209_02,0.93650377
6210_01,0.9637271
6212_01,0.68726695
6214_01,0.5698389
6217_01,0.95807624
6217_02,0.035448775
6221_01,0.98975945
6226_01,0.09448896
6231_01,0.6856244
6231_02,0.67809814
6231_03,0.20142457
6233_01,0.2621072
6233_02,0.40692073
6233_03,0.81715405
6235_01,0.91560036
6240_01,0.6666809
6242_01,0.9594726
6244_01,0.096674345
6244_02,0.78809917
6247_01,0.17693847
6255_01,0.91574115
6257_01,0.6502071
6257_02,0.18927412
6257_03,0.6592262
6258_01,0.5774559
6259_01,0.43063393
6260_01,0.087469935
6260_02,0.01924578
6261_01,0.6447816
6261_02,0.6489477
6267_01,2.282367e-06
6267_02,0.37727404
6267_03,0.8935436
6267_04,0.90859
6267_05,0.9692345
6267_06,0.8938019
6269_01,0.36630672
6269_02,0.038341857
6269_03,0.95046115
6272_01,0.29929048
6272_02,0.9290311
6275_01,0.6443768
6278_01,0.9927609
6278_02,0.9868254
6284_01,0.97788966
6286_01,0.2677244
6286_02,0.68604547
6287_01,0.17843074
6287_02,0.23469679
6288_01,0.89509815
6288_02,0.0816574
6288_03,0.9191512
6288_04,0.9787899
6291_01,0.19769204
6294_01,0.7722374
6295_01,0.9623718
6295_02,0.32881033
6298_01,0.9810011
6303_01,0.20524125
6306_01,0.8452501
6307_01,0.89911586
6310_01,0.20855129
6311_01,0.6475442
6312_01,0.81714416
6312_02,6.477268e-11
6314_01,0.19809213
6329_01,0.054495133
6332_01,0.64807045
6332_02,0.5608384
6332_03,0.6433019
6332_04,0.1058984
6332_05,0.13423261
6332_06,0.6909055
6332_07,0.66235864
6332_08,0.16947868
6333_01,0.07133992
6336_01,0.56134546
6337_01,0.8189317
6342_01,0.6772481
6342_02,0.120976746
6345_01,0.9878373
6345_02,0.9879713
6350_01,0.91132873
6352_01,0.98974913
6352_02,0.9993267
6358_01,0.6535247
6358_02,0.7775797
6359_01,0.07418908
6362_01,0.43503582
6364_01,0.83190596
6375_01,0.10214965
6377_01,0.9878802
6379_01,0.057876147
6382_01,0.23925802
6383_01,0.68406034
6383_02,0.8784173
6383_03,0.5406866
6384_01,0.6510227
6386_01,0.6251248
6387_01,0.3717144
6389_01,0.052871406
6391_01,0.7073767
6391_02,0.9763231
6392_01,0.9889105
6393_01,0.6728673
6395_01,0.60809475
6401_01,0.8421657
6401_02,0.030057242
6403_01,0.15812688
6410_01,0.12535383
6410_02,0.03958208
6417_01,0.98666066
6420_01,0.5574226
6423_01,0.00036053435
6425_01,0.1084824
6425_02,0.6668871
6426_01,0.24798605
6427_01,0.9797206
6429_01,0.6203895
6435_01,0.2265898
6438_01,0.028976884
6440_01,0.7599411
6441_01,0.19508564
6445_01,0.06026014
6460_01,0.6928159
6465_01,0.83575225
6466_01,0.21199565
6467_01,3.2210215e-10
6469_01,0.8096379
6474_01,0.4083293
6476_01,0.15296943
6479_01,0.98002493
6479_02,0.9548168
6483_01,0.9793717
6484_01,0.48182815
6486_01,0.8603481
6491_01,0.20447268
6491_02,0.15833732
6491_03,0.7268048
6495_01,0.18029392
6496_01,0.5807194
6496_02,0.37007827
6497_01,0.66525924
6498_01,0.82128346
6499_01,0.71469736
6499_02,0.055477947
6499_03,0.5853838
6499_04,0.61502194
6499_05,0.10234982
6499_06,0.6214462
6499_07,0.5862761
6499_08,0.6185043
6504_01,0.98577446
6504_02,0.8717865
6505_01,0.26081917
6506_01,0.11911204
6506_02,0.21924913
6507_01,0.8077184
6515_01,0.7355163
6516_01,0.9660933
6516_02,0.9867569
6518_01,0.75916433
6519_01,0.17365038
6521_01,0.2389881
6524_01,0.23208918
6527_01,0.67375743
6528_01,0.75898457
6532_01,0.31105337
6533_01,0.60287666
6533_02,0.17019702
6534_01,0.25814778
6536_01,0.4102528
6537_01,0.15208769
6538_01,0.2145175
6542_01,0.2104295
6543_01,0.80730003
6550_01,0.009213766
6551_01,0.81709933
6554_01,0.68648314
6555_01,0.6604503
6559_01,0.7942496
6559_02,0.79876167
6559_03,0.5934609
6564_01,0.5453653
6564_02,0.94381773
6566_01,0.15470247
6571_01,0.19579963
6575_01,0.9865538
6576_01,0.9816388
6577_01,0.63160765
6577_02,0.20242049
6577_03,0.7624119
6579_01,0.72218543
6581_01,0.5699827
6584_01,0.9856814
6586_01,0.19607282
6587_01,0.8975646
6589_01,0.7364343
6596_01,0.65245914
6596_02,0.033594683
6597_01,0.18187429
6600_01,0.9231652
6600_02,0.225223
6605_01,0.9016953
6605_02,0.895298
6607_01,0.68257713
6610_01,0.66099036
6612_01,0.7991694
6612_02,0.20328052
6612_03,0.2456886
6612_04,0.7825432
6612_05,0.6446338
6612_06,0.7223744
6615_01,0.9821084
6617_01,0.79390275
6617_02,0.974112
6617_03,0.97434115
6619_01,0.02095928
6627_01,0.8566992
6629_01,0.9199783
6632_01,0.44002122
6636_01,0.840023
6640_01,0.97090375
6644_01,0.25510192
6648_01,0.71410775
6651_01,0.24973436
6653_01,0.79028213
6657_01,0.7528153
6658_01,0.9545842
6658_02,0.95572025
6658_03,0.10812438
6661_01,0.61420846
6666_01,0.3859524
6677_01,0.7299842
6678_01,0.22058156
6678_02,0.9097234
6679_01,0.2625422
6682_01,0.9604919
6682_02,0.75559545
6685_01,0.055499263
6686_01,0.35089323
6687_01,0.193936
6688_01,0.89403796
6689_01,0.17973286
6689_02,0.51629215
6690_01,0.82876575
6695_01,0.53812516
6696_01,0.740703
6700_01,0.71799797
6700_02,0.13095222
6701_01,0.9588615
6703_01,0.030988758
6704_01,0.7280296
6705_01,0.22417296
6710_01,0.7907466
6712_01,0.23956236
6714_01,0.29769632
6715_01,0.23958354
6716_01,0.15751454
6717_01,0.9642144
6723_01,0.33740494
6728_01,0.9639784
6732_01,0.3083049
6733_01,0.6524121
6735_01,0.050962888
6737_01,0.57732123
6738_01,0.47771963
6738_02,0.9220018
6740_01,0.16455522
6743_01,0.9900439
6752_01,0.3201483
6752_02,0.22722787
6752_03,0.1359913
6755_01,0.14542404
6759_01,0.73883605
6767_01,0.033805553
6767_02,0.60131925
6768_01,0.14901921
6769_01,0.98839307
6770_01,0.96755487
6770_02,0.9688694
6770_03,0.9693618
6771_01,0.12289793
6772_01,0.7279007
6772_02,0.35708094
6777_01,0.97794193
6781_01,0.91990536
6783_01,0.725717
6785_01,0.68355656
6790_01,0.22511707
6791_01,0.78108025
6793_01,0.81368726
6793_02,0.852669
6795_01,0.18559434
6797_01,0.17120409
6803_01,0.44758657
6804_01,0.5668328
6807_01,0.68209225
6807_02,0.69835305
6809_01,0.18722688
6811_01,0.73174244
6812_01,0.24014027
6812_02,0.15033305
6815_01,0.28608945
6819_01,0.20656815
6819_02,0.8503983
6819_03,0.6858334
6823_01,0.8580109
6828_01,0.8326687
6830_01,0.76827896
6835_01,0.78447545
6835_02,0.58666146
6836_01,0.28002307
6838_01,0.9989011
6838_02,2.139686e-08
6838_03,0.00042371324
6842_01,0.26522258
6845_01,0.96465385
6846_01,0.074767575
6847_01,0.03480636
6849_01,0.00152627
6852_01,0.6395827
6852_02,0.09929338
6855_01,0.3792638
6856_01,0.05228178
6860_01,0.18197533
6867_01,0.51352674
6870_01,0.20050883
6872_01,0.6867045
6874_01,0.8410447
6875_01,0.21268906
6875_02,0.027884731
6875_03,0.7788161
6876_01,0.60903746
6876_02,0.6836522
6876_03,0.68856037
6877_01,0.21479145
6878_01,0.99177396
6881_01,0.4035095
6884_01,0.73471016
6886_01,0.84745735
6888_01,0.52918476
6888_02,0.95077807
6888_03,0.9402652
6888_04,0.011638661
6890_01,0.24126513
6897_01,0.2524456
6904_01,0.5898716
6904_02,0.5760992
6904_03,0.5276797
6909_01,0.9092584
6914_01,0.83162385
6916_01,0.9247978
6919_01,0.6823633
6922_01,0.75014377
6923_01,0.98728156
6927_01,0.19299714
6933_01,0.8485335
6933_02,0.7492426
6935_01,0.18882059
6936_01,0.058290206
6936_02,0.057605106
6936_03,0.9753515
6938_01,0.6840432
6941_01,0.68247205
6942_01,0.8566832
6948_01,0.8116292
6952_01,0.92966306
6953_01,0.38511854
6955_01,0.2720712
6956_01,0.17234102
6958_01,0.4589032
6959_01,0.024565138
6959_02,0.82939386
6959_03,0.77579033
6961_01,0.33656424
6961_02,8.063504e-05
6965_01,0.9817262
6969_01,0.04368098
6974_01,0.21386403
6975_01,0.11162293
6983_01,0.9452598
6983_02,0.027415412
6986_01,0.8435156
6986_02,0.05153042
6986_03,0.7774532
6986_04,0.7748947
6986_05,0.674103
6986_06,0.59510714
6986_07,0.52538556
6986_08,0.68530273
6989_01,0.8421304
6993_01,0.24541804
7000_01,0.990582
7003_01,0.29299283
7009_01,0.10201401
7009_02,0.07518901
7012_01,0.9811736
7023_01,0.2746661
7024_01,0.8252443
7030_01,0.20541376
7033_01,0.52659714
7035_01,0.9673251
7043_01,0.8799058
7046_01,0.0007533765
7046_02,0.23045488
7046_03,0.14803126
7054_01,0.9605854
7054_02,0.9695085
7055_01,0.99039316
7063_01,0.6400654
7063_02,0.00085994444
7064_01,0.6222039
7065_01,0.676263
7066_01,0.12849344
7066_02,0.8617915
7067_01,0.68738794
7067_02,0.69257
7067_03,0.18518487
7070_01,0.8077281
7075_01,0.19010498
7076_01,0.7300474
7081_01,0.979212
7081_02,0.9369322
7100_01,0.9857817
7100_02,0.014138619
7101_01,0.016869348
7101_02,0.15027827
7102_01,0.75881654
7103_01,0.24179271
7103_02,0.95240456
7107_01,0.75146717
7108_01,0.087929524
7112_01,0.8317959
7115_01,0.98308057
7122_01,0.742555
7123_01,0.24924095
7124_01,0.93411225
7124_02,0.9611991
7124_03,0.29866415
7125_01,0.77680945
7129_01,0.61331576
7130_01,0.82599336
7130_02,0.7700714
7130_03,0.5747383
7130_04,0.20695882
7130_05,0.84346455
7130_06,0.8302282
7130_07,0.18599711
7131_01,0.70609796
7135_01,0.7704872
7135_02,0.71090627
7135_03,0.71490055
7135_04,0.7633757
7136_01,0.8212993
7138_01,0.18872833
7139_01,0.039680783
7141_01,0.3872827
7145_01,0.14933494
7146_01,0.053811487
7147_01,0.98295534
7150_01,0.33466825
7150_02,0.5969666
7153_01,0.22027536
7154_01,0.15846622
7158_01,0.22046632
7163_01,0.920159
7163_02,0.9297997
7163_03,2.0221727e-05
7164_01,0.3043684
7169_01,0.8219602
7172_01,0.13130091
7172_02,0.16103005
7174_01,0.17513712
7178_01,0.98170394
7183_01,0.65609366
7185_01,0.92613536
7195_01,0.81900054
7196_01,0.9928274
7198_01,0.7568187
7201_01,0.411143
7204_01,0.0463827
7209_01,0.86795276
7209_02,0.6908424
7211_01,0.12665348
7212_01,0.76798165
7213_01,0.7506134
7220_01,0.07152723
7222_01,0.63253057
7223_01,0.9907042
7228_01,0.8187456
7231_01,0.10731203
7237_01,0.91367656
7239_01,0.70901465
7241_01,0.92341894
7241_02,0.00022192452
7243_01,0.71578515
7243_02,0.7180894
7243_03,0.71739227
7243_04,0.11007135
7243_05,0.74754196
7244_01,0.85868156
7245_01,0.9078059
7248_01,0.16660973
7248_02,0.91772413
7251_01,0.71789277
7254_01,0.11286896
7262_01,0.21449448
7263_01,0.37527436
7264_01,0.21098214
7265_01,0.43866023
7266_01,0.17472531
7266_02,0.7203083
7266_03,0.7187127
7269_01,0.16744563
7269_02,0.5919856
7272_01,0.7569274
7275_01,0.8283247
7281_01,0.35562384
7282_01,0.7765218
7286_01,0.24359234
7287_01,0.9432657
7288_01,0.21556023
7291_01,0.84500694
7293_01,0.36124286
7294_01,0.26393378
7295_01,0.5622036
7295_02,0.2605007
7299_01,0.7030841
7308_01,0.9685754
7312_01,0.780679
7315_01,0.7372571
7316_01,0.56702965
7317_01,0.16311565
7318_01,0.20165177
7319_01,0.5440081
7319_02,0.56092376
7319_03,0.5608843
7325_01,0.13552637
7329_01,0.3989753
7329_02,0.53883684
7329_03,0.92438763
7333_01,0.3085695
7335_01,0.774845
7345_01,0.12581442
7348_01,0.16630842
7348_02,0.9642074
7348_03,0.9340794
7349_01,0.2188588
7352_01,0.1718663
7354_01,0.9108194
7354_02,0.9103431
7354_03,0.934857
7354_04,2.3521667e-05
7354_05,0.84455955
7354_06,0.31749862
7355_01,0.17963351
7357_01,0.9083093
7362_01,0.20217878
7363_01,0.74655986
7364_01,0.70804155
7368_01,0.81855696
7369_01,0.062351614
7373_01,0.9590236
7373_02,0.9640702
7375_01,0.66356754
7378_01,0.054699413
7380_01,0.9268638
7380_02,0.9319359
7380_03,0.027976591
7380_04,0.9273001
7381_01,0.76071167
7382_01,0.8582972
7383_01,0.68381625
7383_02,0.17578343
7384_01,0.25122106
7386_01,0.7234607
7389_01,0.9838218
7397_01,0.9180318
7400_01,0.17867823
7404_01,0.8528012
7407_01,0.6151307
7409_01,0.22115567
7409_02,0.6838196
7412_01,0.9885484
7413_01,0.70718896
7413_02,0.6955626
7414_01,0.1195856
7415_01,0.20949407
7417_01,0.10695557
7417_02,0.119409844
7420_01,0.18746671
7421_01,0.66416013
7421_02,0.6010703
7423_01,0.15189016
7423_02,0.9549868
7424_01,0.17702383
7426_01,0.9607103
7426_02,0.9606396
7426_03,0.9852177
7433_01,0.77967167
7434_01,0.11024552
7439_01,0.14470002
7439_02,0.944016
7440_01,0.24244142
7441_01,0.9137214
7443_01,0.8394348
7451_01,0.5177288
7454_01,0.24050365
7463_01,0.24463366
7465_01,0.52205014
7466_01,0.15674508
7467_01,0.16654706
7468_01,0.5285067
7469_01,0.33047163
7470_01,0.7869822
7471_01,0.67292243
7471_02,0.24357928
7473_01,0.18746616
7473_02,0.4061279
7474_01,0.8377261
7476_01,0.71854496
7480_01,0.20636356
7482_01,0.9797225
7482_02,0.040230773
7489_01,0.5953789
7489_02,0.15947026
7489_03,0.6028464
7491_01,0.73871017
7493_01,0.5682671
7497_01,0.82003427
7511_01,0.72283125
7516_01,0.5717804
7519_01,0.033896383
7526_01,0.95947725
7528_01,0.7056015
7528_02,0.8043072
7528_03,0.1650121
7528_04,0.79344505
7530_01,0.98109967
7530_02,0.16184816
7530_03,0.13138846
7530_04,3.3168584e-05
7532_01,0.9209261
7537_01,0.9258267
7539_01,0.947683
7539_02,0.76554483
7540_01,0.16750664
7541_01,0.99123335
7541_02,0.9730397
7541_03,0.7674456
7546_01,0.9768195
7547_01,0.7096039
7548_01,0.18685365
7551_01,0.8412745
7554_01,0.8108029
7555_01,0.18369195
7556_01,0.88962746
7556_02,0.85623944
7556_03,0.3171372
7556_04,0.99084413
7557_01,0.13552187
7557_02,0.9282289
7557_03,0.93506753
7558_01,0.24554844
7558_02,0.96635
7562_01,0.17300788
7564_01,0.1364235
7566_01,0.35717443
7570_01,0.95621896
7570_02,0.43327856
7571_01,0.24941228
7575_01,0.21507727
7581_01,0.40923864
7582_01,0.5938436
7582_02,0.59129196
7582_03,0.59185857
7582_04,0.3715048
7582_05,0.5967301
7587_01,0.56892186
7589_01,0.7679454
7590_01,0.8446986
7591_01,0.6503662
7591_02,0.5215465
7593_01,0.95754385
7597_01,0.7760642
7597_02,0.7437072
7597_03,0.095865294
7597_04,0.65138614
7597_05,0.11261548
7597_06,0.6592373
7597_07,0.10949884
7600_01,0.9324757
7600_02,0.16613036
7602_01,0.90949214
7603_01,0.7444577
7607_01,0.342232
7610_01,0.77335536
7610_02,0.53153145
7611_01,0.05581533
7611_02,0.23161006
7612_01,0.059190422
7612_02,0.7416182
7613_01,0.92747545
7615_01,0.15871657
7617_01,0.7854736
7619_01,0.82801914
7629_01,0.7930538
7629_02,0.44635913
7629_03,0.93269277
7636_01,0.14455049
7637_01,0.9891
7637_02,0.0457612
7637_03,0.9894244
7638_01,0.73873955
7642_01,0.9860869
7645_01,0.97905636
7648_01,0.82006717
7651_01,0.98522425
7653_01,0.1330865
7654_01,0.9518518
7655_01,0.7387183
7657_01,0.13841507
7658_01,0.9112616
7659_01,0.16523534
7662_01,0.9842632
7663_01,0.9287946
7664_01,0.19335914
7668_01,0.5843979
7672_01,0.0015610709
7673_01,0.3802535
7674_01,0.1378767
7675_01,0.48969546
7681_01,0.76023877
7685_01,0.8370085
7686_01,0.913519
7695_01,0.6154829
7701_01,0.40615433
7704_01,0.896936
7706_01,0.91525316
7718_01,0.95300174
7722_01,0.4588161
7725_01,0.9308487
7726_01,0.74716693
7730_01,0.20860453
7732_01,0.1925239
7733_01,0.23535174
7734_01,0.62027586
7735_01,0.11834927
7737_01,0.7354607
7740_01,0.6147955
7740_02,0.6130025
7745_01,0.60881734
7750_01,0.2960217
7756_01,0.86198133
7758_01,0.1586675
7759_01,0.6763689
7762_01,0.23710233
7765_01,0.8377663
7765_02,0.8353363
7765_03,0.8381634
7766_01,0.22651295
7772_01,0.73674
7779_01,0.77023023
7781_01,0.20148627
7792_01,0.98218906
7792_02,0.95463544
7792_03,0.9479536
7792_04,0.06020591
7792_05,0.9483044
7794_01,0.21981479
7795_01,0.14115342
7795_02,0.66214937
7796_01,0.18979308
7798_01,0.3400078
7798_02,0.81156933
7799_01,0.6184021
7804_01,0.037433967
7807_01,0.7526773
7811_01,0.78236675
7814_01,0.49996924
7817_01,0.19367696
7819_01,0.8530672
7822_01,0.2846083
7823_01,0.90449905
7825_01,0.009277341
7825_02,0.79140407
7825_03,0.04639741
7826_01,0.9825734
7827_01,0.96132636
7836_01,0.16654731
7838_01,0.96533763
7844_01,0.21875529
7846_01,0.0028678218
7846_02,0.9648744
7854_01,0.8454514
7855_01,0.23287599
7857_01,0.7688081
7860_01,0.21449092
7862_01,0.7324736
7867_01,0.43492872
7869_01,0.13971244
7874_01,0.14496134
7874_02,0.60025036
7876_01,0.6862043
7880_01,0.89253134
7880_02,0.12945086
7887_01,0.71569216
7893_01,0.96269697
7893_02,0.9875401
7893_03,0.9876481
7893_04,0.9866879
7893_05,0.9663878
7896_01,0.51897764
7898_01,0.22052653
7900_01,0.21491171
7906_01,0.13582404
7909_01,0.24330086
7909_02,0.10386799
7911_01,0.86211824
7912_01,0.18869656
7915_01,0.7201855
7915_02,0.10489403
7915_03,0.7109381
7917_01,0.7723745
7921_01,0.67514783
7921_02,0.24917084
7923_01,0.5922405
7925_01,0.77212775
7927_01,0.78767836
7927_02,0.75172895
7927_03,0.74232656
7928_01,0.6059723
7931_01,0.2764172
7932_01,0.6084874
7933_01,0.9448418
7934_01,0.99189645
7934_02,0.9902548
7934_03,0.99529064
7938_01,0.035606652
7942_01,0.043222163
7942_02,0.61707205
7948_01,0.19717905
7951_01,0.96974444
7953_01,0.093623914
7956_01,0.4975081
7959_01,0.6927128
7961_01,0.15237647
7963_01,0.8574874
7963_02,0.49360767
7963_03,0.8918166
7964_01,0.9937759
7965_01,0.8461473
7966_01,0.37194115
7969_01,0.8484273
7971_01,0.9717485
7971_02,0.01863847
7975_01,0.98594975
7977_01,0.76329297
7978_01,0.61572784
7978_02,0.13108842
7979_01,0.16478391
7980_01,0.14088124
7991_01,0.004849461
7991_02,0.27454898
7991_03,0.9275491
7991_04,0.90129316
7992_01,0.8556225
7997_01,0.8588005
7998_01,0.61671025
7998_02,0.96074164
7998_03,0.9731273
7998_04,0.9718355
8001_01,0.2640135
8002_01,0.1609026
8008_01,0.13331906
8009_01,0.7931583
8011_01,0.79547703
8013_01,0.6115425
8017_01,0.15882224
8022_01,0.6090677
8028_01,0.18798198
8033_01,0.055507753
8039_01,0.8981779
8039_02,0.9058112
8040_01,0.6726248
8041_01,0.091038235
8041_02,0.9710891
8044_01,0.96154964
8045_01,0.5871209
8047_01,0.9649358
8048_01,0.7982272
8051_01,0.9186002
8051_02,0.85225874
8061_01,0.7084317
8061_02,0.6549051
8062_01,0.19458319
8065_01,0.13814467
8070_01,0.10519684
8073_01,0.72358483
8074_01,0.67232215
8080_01,0.9300306
8090_01,0.75644827
8093_01,0.26287887
8095_01,0.484824
8096_01,0.98599255
8099_01,0.82950675
8100_01,0.6492309
8101_01,0.99130076
8104_01,0.69198287
8109_01,0.186848
8110_01,0.18936764
8111_01,0.77489275
8113_01,0.7493706
8113_02,0.800833
8113_03,0.83468914
8113_04,0.27272832
8114_01,0.71869135
8125_01,0.9788111
8125_02,0.8224085
8126_01,0.22917126
8127_01,0.52805793
8132_01,0.06125516
8134_01,0.7046801
8142_01,0.981179
8145_01,0.6746533
8146_01,0.86190987
8151_01,0.8707722
8154_01,0.7635202
8155_01,0.8406074
8160_01,0.2137706
8163_01,0.77148265
8166_01,0.27106774
8169_01,0.5645224
8170_01,0.9493879
8172_01,0.9918578
8174_01,0.25097033
8179_01,0.9395497
8180_01,0.11906
8181_01,0.08195079
8181_02,0.19515847
8181_03,0.9787031
8183_01,0.18326467
8184_01,0.15350147
8185_01,0.06594983
8187_01,0.16711313
8188_01,0.1797054
8193_01,0.78235054
8195_01,0.95270634
8196_01,0.1509485
8196_02,0.7123453
8198_01,0.74601156
8201_01,0.9203598
8206_01,0.09404977
8215_01,0.9840119
8223_01,0.85945815
8228_01,0.0952687
8230_01,0.17453353
8234_01,0.15144302
8236_01,0.97555065
8240_01,0.93368465
8241_01,0.8304544
8245_01,0.7750989
8245_02,0.7865895
8246_01,0.7033184
8249_01,0.07116388
8250_01,0.74859285
8253_01,0.013325373
8256_01,0.36722544
8258_01,0.05825574
8262_01,0.62908834
8263_01,0.18375103
8269_01,0.7589224
8274_01,0.66324973
8278_01,0.83837366
8283_01,0.9656267
8284_01,0.7450394
8284_02,0.62520266
8285_01,0.21813896
8286_01,0.9666979
8290_01,0.9933651
8293_01,0.012469318
8296_01,0.9858343
8299_01,0.2439041
8304_01,0.121059276
8304_02,0.9594072
8304_03,0.5814152
8305_01,0.95415384
8305_02,0.98187864
8305_03,0.9534831
8308_01,0.009865702
8309_01,0.46431497
8311_01,0.2134014
8312_01,0.99359035
8325_01,0.7869958
8325_02,0.15223034
8327_01,0.16700087
8331_01,0.56452686
8337_01,0.2904146
8340_01,0.08844706
8340_02,0.7112319
8340_03,0.15144166
8347_01,0.7766876
8349_01,0.23003106
8350_01,0.24184325
8351_01,0.04150973
8352_01,0.116183
8353_01,0.490732
8355_01,0.97911274
8357_01,0.99998724
8357_02,0.9884162
8358_01,0.26946154
8359_01,0.12410971
8361_01,0.018939236
8361_02,0.005972365
8361_03,0.94332093
8361_04,0.9434761
8361_05,0.68280756
8364_01,0.77388906
8367_01,0.4807945
8370_01,0.95620275
8370_02,0.019616008
8372_01,0.97014606
8385_01,0.98600274
8385_02,0.12700617
8385_03,0.986254
8387_01,0.66130036
8389_01,0.883364
8391_01,0.77982473
8396_01,0.21554989
8399_01,0.050553925
8400_01,0.5237106
8400_02,0.90408814
8400_03,0.0038075391
8402_01,0.9381256
8402_02,0.9353209
8402_03,0.9327719
8408_01,0.77962947
8408_02,0.80639815
8412_01,0.7348528
8413_01,0.8536961
8415_01,0.15317513
8417_01,0.63239527
8422_01,0.15243772
8424_01,0.12748635
8425_01,0.92369616
8425_02,0.8637708
8426_01,0.59024507
8426_02,0.012657851
8428_01,0.7214242
8434_01,0.9312459
8435_01,0.09591399
8436_01,0.0695591
8439_01,0.7911327
8440_01,0.12602489
8440_02,0.923892
8440_03,0.92968
8443_01,0.7646841
8443_02,0.057090845
8445_01,0.8736008
8445_02,0.8614577
8445_03,0.92254055
8446_01,0.08284696
8450_01,0.99250257
8450_02,0.13153073
8450_03,0.9329221
8453_01,0.67652303
8455_01,0.055844255
8461_01,0.4623794
8464_01,0.073171355
8464_02,0.9934095
8473_01,0.6255217
8473_02,0.1393813
8478_01,0.72702765
8478_02,0.19161165
8484_01,0.9929249
8485_01,0.8909928
8488_01,0.45808327
8490_01,0.16680662
8496_01,0.30379787
8497_01,0.8655432
8498_01,0.27333248
8499_01,0.8587683
8501_01,0.89455116
8505_01,0.03288146
8507_01,0.4470558
8510_01,0.32069042
8510_02,0.95608854
8513_01,0.17276059
8515_01,0.21128789
8517_01,0.20563741
8517_02,0.7492736
8518_01,0.8804691
8519_01,0.61930275
8520_01,0.1663082
8520_02,0.7702645
8525_01,0.7766099
8525_02,0.9053613
8526_01,0.076504305
8526_02,0.8203143
8527_01,0.8356103
8529_01,0.15087901
8531_01,0.75500983
8532_01,0.1920854
8533_01,0.8761216
8534_01,0.70607376
8534_02,0.735373
8534_03,0.7024407
8534_04,0.40302607
8538_01,0.05069825
8543_01,0.65831655
8543_02,0.80810153
8543_03,0.5817774
8543_04,0.12946
8543_05,0.38113797
8543_06,0.09008271
8543_07,0.8884024
8543_08,0.13336308
8546_01,0.8577688
8547_01,0.15604185
8550_01,0.1621621
8553_01,0.19443981
8555_01,0.6657034
8555_02,0.52131176
8555_03,0.7209259
8558_01,0.869313
8562_01,0.47816616
8563_01,0.035954226
8564_01,0.07290054
8565_01,0.7009471
8565_02,0.7771737
8565_03,0.16706364
8567_01,0.00809956
8567_02,0.032239884
8567_03,0.15025146
8568_01,0.9037116
8568_02,0.90133387
8575_01,0.6415072
8576_01,0.9473258
8578_01,0.13969596
8579_01,0.97896886
8582_01,0.8729187
8583_01,0.9852989
8583_02,0.9859425
8590_01,0.052838776
8591_01,0.73116606
8593_01,0.040429898
8600_01,0.8648052
8601_01,0.16218953
8608_01,0.79287016
8621_01,0.82323956
8622_01,0.1590263
8625_01,0.1246504
8627_01,0.13121688
8630_01,0.6769654
8632_01,0.7625131
8632_02,0.7523319
8647_01,0.9927336
8648_01,0.6464495
8648_02,0.15344265
8648_03,0.6147598
8649_01,0.09097049
8651_01,0.21586317
8652_01,0.17804849
8655_01,0.19689868
8660_01,0.83279485
8662_01,0.54371035
8665_01,0.758712
8666_01,0.83707607
8676_01,0.59224117
8677_01,0.12457371
8677_02,0.699052
8677_03,0.8548214
8678_01,0.92646265
8678_02,0.5418823
8679_01,0.7529807
8682_01,0.088983536
8686_01,0.8910904
8689_01,0.7408168
8690_01,0.07698299
8690_02,0.76257074
8692_01,0.96553195
8692_02,0.015188868
8692_03,0.94169164
8697_01,0.9076589
8698_01,0.65080345
8699_01,0.8750315
8702_01,0.113514416
8705_01,0.99366283
8706_01,0.18329383
8707_01,0.2373079
8711_01,0.4845093
8713_01,0.11576908
8713_02,0.97147375
8715_01,0.7845223
8718_01,0.16312295
8724_01,0.0019838528
8725_01,0.8423544
8726_01,0.9898827
8730_01,0.08186616
8731_01,0.103012815
8737_01,0.99217844
8738_01,0.77212024
8739_01,0.0056725405
8740_01,0.129386
8742_01,0.21532571
8745_01,0.29413745
8746_01,0.88590693
8747_01,0.9564614
8747_02,0.37999135
8748_01,0.13565943
8748_02,0.11281463
8756_01,0.019799022
8758_01,0.15340358
8758_02,0.8469287
8761_01,0.12999013
8763_01,0.073919274
8763_02,0.111820236
8763_03,0.77066696
8765_01,0.033338603
8767_01,0.029267363
8767_02,0.003117341
8768_01,0.5523776
8768_02,0.8068592
8768_03,0.1663518
8775_01,0.82131124
8777_01,0.12361822
8778_01,0.98985434
8778_02,0.98741335
8784_01,0.1939675
8788_01,0.12231005
8792_01,0.531909
8793_01,0.010578743
8793_02,0.9463011
8793_03,0.97330487
8793_04,0.0048962575
8793_05,0.94111496
8795_01,0.5678127
8800_01,0.75468147
8800_02,0.7300287
8800_03,0.6986584
8800_04,0.73107904
8800_05,0.7304382
8803_01,0.83926785
8804_01,0.98976326
8804_02,0.9676045
8804_03,0.9890357
8804_04,0.31450754
8804_05,0.032370955
8810_01,0.13720293
8814_01,0.79014766
8829_01,0.7517481
8832_01,0.25819415
8837_01,0.17536439
8839_01,0.80836743
8839_02,0.39846453
8846_01,2.882431e-08
8846_02,0.3423367
8847_01,0.8083816
8851_01,0.9276709
8855_01,0.2687209
8857_01,0.86747307
8859_01,0.20328788
8866_01,0.82771254
8870_01,0.99434114
8870_02,0.114735715
8873_01,0.89769065
8873_02,0.025411021
8873_03,0.9648087
8875_01,0.95753556
8875_02,0.011454137
8875_03,0.9607818
8877_01,0.9518468
8877_02,0.9556002
8879_01,0.72875124
8882_01,0.23478182
8887_01,0.7948992
8888_01,0.15264523
8893_01,0.96817833
8893_02,0.97022855
8895_01,0.95862097
8895_02,0.009199627
8898_01,0.29523486
8908_01,0.89201623
8909_01,0.39565927
8911_01,0.7529652
8912_01,0.81532997
8913_01,0.78453594
8913_02,0.7742465
8913_03,0.86048096
8914_01,0.4918936
8915_01,0.14385799
8916_01,0.7759856
8917_01,0.84573734
8921_01,0.92666423
8924_01,0.9875671
8925_01,0.93964833
8925_02,0.92066437
8925_03,0.9568614
8925_04,0.9974584
8925_05,0.9270504
8925_06,0.07154466
8927_01,0.98899424
8929_01,0.20543748
8931_01,0.13278674
8933_01,0.691611
8934_01,0.0053848056
8935_01,0.7013081
8936_01,0.08221325
8943_01,0.17969352
8946_01,0.97603095
8949_01,0.10241999
8950_01,0.34282494
8951_01,0.0011981229
8952_01,0.19153892
8953_01,0.35794258
8957_01,0.17085439
8958_01,0.7935687
8960_01,0.73131806
8960_02,0.1569487
8960_03,0.7361093
8962_01,0.096251145
8963_01,0.85201716
8965_01,0.32242563
8971_01,0.9300556
8974_01,0.9755335
8979_01,0.775549
8980_01,0.25454593
8980_02,0.00839762
8980_03,0.8940111
8980_04,0.060632356
8980_05,0.07376817
8980_06,0.8960745
8980_07,0.89625305
8984_01,0.20127521
8990_01,0.8116429
8991_01,0.46374923
8994_01,0.03713423
8994_02,0.94795406
8995_01,0.05223556
9000_01,0.22481443
9002_01,0.13763374
9005_01,0.87728304
9016_01,0.3194632
9016_02,0.043823406
9016_03,1.0422563e-09
9016_04,0.98731464
9016_05,0.29133794
9017_01,0.8945267
9022_01,0.2118759
9022_02,0.90656114
9022_03,0.9277831
9025_01,0.14984822
9025_02,0.727289
9027_01,0.05575567
9033_01,0.88427246
9039_01,0.80231225
9040_01,0.013306879
9044_01,0.13916367
9045_01,0.12881467
9045_02,0.519947
9047_01,0.73838
9050_01,0.7944524
9051_01,0.18248059
9053_01,0.9752941
9053_02,0.9929965
9054_01,0.9282634
9055_01,0.37144232
9056_01,0.1346261
9058_01,0.25082517
9062_01,0.00994605
9062_02,0.713797
9063_01,0.986575
9065_01,0.9930085
9067_01,0.19598904
9067_02,0.7891035
9070_01,0.4421754
9070_02,0.6167034
9082_01,0.16588846
9083_01,0.9892624
9083_02,0.70203686
9086_01,0.772063
9086_02,0.5377279
9087_01,0.12371093
9088_01,0.95442975
9090_01,0.08832626
9091_01,0.9882246
9092_01,0.11469709
9093_01,0.00060266326
9095_01,0.3402695
9096_01,0.8710504
9096_02,0.89631593
9100_01,0.0214455
9102_01,0.9935035
9105_01,0.76638234
9109_01,0.79504347
9113_01,0.99559623
9117_01,0.21415873
9121_01,0.9888621
9123_01,0.9938155
9133_01,0.7696725
9135_01,0.29374206
9138_01,0.21619019
9143_01,0.059713133
9143_02,0.14354564
9143_03,0.124711834
9146_01,0.1376387
9146_02,0.21966279
9146_03,0.9727172
9147_01,0.7790797
9153_01,0.51858425
9154_01,0.8629799
9155_01,0.19764571
9155_02,0.10029407
9155_03,0.84746945
9155_04,0.8499298
9162_01,0.93118083
9162_02,0.018389402
9162_03,0.0459991
9166_01,0.9861597
9171_01,0.71088403
9177_01,0.9716576
9177_02,0.96969926
9182_01,0.051903285
9187_01,0.71308845
9187_02,0.061597288
9191_01,0.8689053
9198_01,0.052348044
9200_01,0.23593803
9204_01,0.22402777
9206_01,0.9754384
9206_02,0.069295615
9206_03,0.9536786
9207_01,0.77502453
9209_01,0.6639277
9210_01,0.15323943
9212_01,0.020669376
9212_02,0.827412
9214_01,1.8180778e-11
9215_01,0.89152277
9216_01,0.19145867
9223_01,0.7870773
9223_02,0.7962328
9228_01,0.1729776
9229_01,0.62419534
9232_01,0.20567453
9236_01,0.6678721
9238_01,0.7616387
9238_02,0.80901873
9238_03,0.7331727
9238_04,0.1578866
9238_05,0.77151114
9238_06,0.85105973
9238_07,0.51195055
9240_01,0.25039238
9243_01,0.89256585
9245_01,0.15494302
9249_01,0.4953416
9255_01,0.8199086
9258_01,0.7685408
9260_01,0.8723628
9262_01,0.657698
9263_01,0.8643967
9265_01,0.97172827
9266_01,0.64781433
9266_02,0.74981594
9269_01,0.5779321
9271_01,0.9355893
9273_01,0.7676081
9277_01,0.90885323
